CASEID,SEX,EDUC,AGE,NATEDUC,NATFARE,NATROAD,NATMASS,NATHEAL,NATENVIR
58092,2,0,34,0,0,3,2,0,0
57306,1,2,58,0,0,2,2,0,0
57280,2,2,68,0,0,1,1,0,0
57772,2,2,64,0,0,2,2,0,0
57844,1,3,35,0,0,3,2,0,0
58672,1,3,74,0,0,1,2,0,0
59513,1,4,81,0,0,1,2,0,0
59081,2,4,52,0,0,3,8,0,0
57265,2,5,34,0,0,3,2,0,0
57301,2,5,46,0,0,3,2,0,0
58028,2,5,27,0,0,1,2,0,0
58152,2,5,76,0,0,1,8,0,0
58309,2,5,35,0,0,1,8,0,0
57220,1,6,51,0,0,3,3,0,0
57270,1,6,35,0,0,1,8,0,0
57784,1,6,37,0,0,2,2,0,0
57273,2,6,54,0,0,2,2,0,0
57947,2,6,71,0,0,1,2,0,0
58282,2,6,70,0,0,2,2,0,0
59087,2,6,70,0,0,2,2,0,0
57533,1,7,75,0,0,1,1,0,0
57946,1,7,68,0,0,2,2,0,0
59066,1,7,80,0,0,1,8,0,0
59544,1,7,45,0,0,3,2,0,0
58391,2,7,60,0,0,2,2,0,0
57074,1,8,69,0,0,2,3,0,0
57407,1,8,47,0,0,1,1,0,0
57524,1,8,19,0,0,3,8,0,0
57871,1,8,54,0,0,1,1,0,0
58656,1,8,28,0,0,3,3,0,0
58730,1,8,87,0,0,1,1,0,0
59078,1,8,43,0,0,1,8,0,0
59379,1,8,75,0,0,2,2,0,0
57081,2,8,39,0,0,2,2,0,0
57369,2,8,78,0,0,3,3,0,0
57705,2,8,48,0,0,3,8,0,0
57782,2,8,59,0,0,1,1,0,0
57821,2,8,72,0,0,3,1,0,0
57949,2,8,71,0,0,2,1,0,0
57975,2,8,44,0,0,2,2,0,0
57987,2,8,54,0,0,1,2,0,0
58366,2,8,89,0,0,2,2,0,0
58527,2,8,59,0,0,1,2,0,0
58673,2,8,65,0,0,1,3,0,0
58677,2,8,84,0,0,1,1,0,0
58779,2,8,60,0,0,2,8,0,0
59045,2,8,67,0,0,2,2,0,0
59112,2,8,19,0,0,3,2,0,0
59391,2,8,59,0,0,1,8,0,0
59508,2,8,62,0,0,1,2,0,0
57490,1,9,42,0,0,2,2,0,0
57529,1,9,38,0,0,3,1,0,0
57530,1,9,75,0,0,1,1,0,0
57570,1,9,36,0,0,2,2,0,0
57581,1,9,31,0,0,2,2,0,0
57815,1,9,79,0,0,1,1,0,0
58448,1,9,52,0,0,1,2,0,0
58476,1,9,46,0,0,2,8,0,0
58837,1,9,81,0,0,1,2,0,0
58883,1,9,42,0,0,2,2,0,0
59082,1,9,22,0,0,2,2,0,0
59143,1,9,32,0,0,1,2,0,0
59286,1,9,26,0,0,3,1,0,0
59313,1,9,58,0,0,1,2,0,0
59531,1,9,34,0,0,2,2,0,0
57147,2,9,30,0,0,2,8,0,0
57388,2,9,36,0,0,3,2,0,0
57747,2,9,59,0,0,3,3,0,0
58293,2,9,56,0,0,2,3,0,0
58470,2,9,46,0,0,8,1,0,0
58973,2,9,66,0,0,2,1,0,0
59015,2,9,74,0,0,1,8,0,0
59190,2,9,76,0,0,1,2,0,0
59191,2,9,68,0,0,1,1,0,0
59200,2,9,88,0,0,1,1,0,0
59201,2,9,63,0,0,2,3,0,0
59494,2,9,72,0,0,2,8,0,0
59540,2,9,28,0,0,1,1,0,0
59547,2,9,46,0,0,3,1,0,0
57145,1,10,43,0,0,1,1,0,0
57443,1,10,19,0,0,2,3,0,0
57736,1,10,33,0,0,3,2,0,0
57769,1,10,76,0,0,1,1,0,0
57840,1,10,28,0,0,3,1,0,0
58230,1,10,48,0,0,2,8,0,0
58237,1,10,38,0,0,1,3,0,0
58249,1,10,51,0,0,1,1,0,0
58255,1,10,27,0,0,3,1,0,0
58283,1,10,67,0,0,3,2,0,0
58346,1,10,46,0,0,1,2,0,0
58522,1,10,30,0,0,2,2,0,0
58555,1,10,59,0,0,2,1,0,0
58640,1,10,69,0,0,1,1,0,0
58643,1,10,66,0,0,1,1,0,0
58731,1,10,35,0,0,2,1,0,0
58757,1,10,64,0,0,1,1,0,0
59144,1,10,23,0,0,2,1,0,0
59267,1,10,76,0,0,1,2,0,0
59378,1,10,28,0,0,3,1,0,0
59486,1,10,53,0,0,2,8,0,0
59510,1,10,59,0,0,2,2,0,0
59524,1,10,24,0,0,1,3,0,0
57070,2,10,37,0,0,8,3,0,0
57143,2,10,40,0,0,3,1,0,0
57146,2,10,36,0,0,2,3,0,0
57255,2,10,54,0,0,2,2,0,0
57342,2,10,61,0,0,2,2,0,0
57350,2,10,39,0,0,3,2,0,0
57355,2,10,81,0,0,1,1,0,0
57398,2,10,74,0,0,2,8,0,0
57796,2,10,52,0,0,1,1,0,0
57858,2,10,56,0,0,1,1,0,0
57937,2,10,38,0,0,3,1,0,0
57978,2,10,25,0,0,3,2,0,0
58416,2,10,26,0,0,3,2,0,0
58455,2,10,71,0,0,2,2,0,0
58498,2,10,37,0,0,2,1,0,0
58571,2,10,68,0,0,2,1,0,0
58581,2,10,36,0,0,8,1,0,0
58597,2,10,46,0,0,3,2,0,0
58602,2,10,27,0,0,2,2,0,0
58642,2,10,45,0,0,3,2,0,0
58689,2,10,99,0,0,2,2,0,0
58752,2,10,49,0,0,2,2,0,0
58788,2,10,25,0,0,1,8,0,0
58860,2,10,75,0,0,3,3,0,0
59466,2,10,30,0,0,2,2,0,0
59500,2,10,57,0,0,1,2,0,0
59529,2,10,84,0,0,2,2,0,0
57104,1,11,59,0,0,1,1,0,0
57109,1,11,59,0,0,1,1,0,0
57249,1,11,24,0,0,2,1,0,0
57291,1,11,52,0,0,2,2,0,0
57496,1,11,41,0,0,1,2,0,0
57770,1,11,53,0,0,1,1,0,0
57811,1,11,45,0,0,2,1,0,0
57857,1,11,73,0,0,8,2,0,0
58078,1,11,40,0,0,1,1,0,0
58123,1,11,30,0,0,2,1,0,0
58264,1,11,51,0,0,1,2,0,0
58423,1,11,44,0,0,2,2,0,0
58507,1,11,67,0,0,1,2,0,0
58534,1,11,19,0,0,1,1,0,0
58646,1,11,45,0,0,1,3,0,0
58688,1,11,22,0,0,2,8,0,0
58864,1,11,64,0,0,2,1,0,0
58957,1,11,54,0,0,2,2,0,0
59001,1,11,34,0,0,2,2,0,0
59062,1,11,58,0,0,1,8,0,0
59110,1,11,36,0,0,2,1,0,0
59155,1,11,28,0,0,1,2,0,0
59281,1,11,26,0,0,1,2,0,0
59348,1,11,58,0,0,2,1,0,0
59480,1,11,48,0,0,3,8,0,0
59497,1,11,35,0,0,2,8,0,0
59548,1,11,29,0,0,2,1,0,0
57098,2,11,38,0,0,2,2,0,0
57268,2,11,34,0,0,2,2,0,0
57269,2,11,22,0,0,2,3,0,0
57323,2,11,42,0,0,2,2,0,0
57326,2,11,80,0,0,1,8,0,0
57345,2,11,18,0,0,2,2,0,0
57371,2,11,73,0,0,1,1,0,0
57379,2,11,19,0,0,2,2,0,0
57420,2,11,35,0,0,2,2,0,0
57495,2,11,18,0,0,2,1,0,0
57686,2,11,47,0,0,2,2,0,0
57884,2,11,53,0,0,3,2,0,0
57886,2,11,71,0,0,1,2,0,0
57914,2,11,76,0,0,2,2,0,0
57999,2,11,27,0,0,2,2,0,0
58056,2,11,45,0,0,2,2,0,0
58070,2,11,72,0,0,1,3,0,0
58089,2,11,29,0,0,1,2,0,0
58200,2,11,38,0,0,2,2,0,0
58257,2,11,19,0,0,2,2,0,0
58296,2,11,61,0,0,1,8,0,0
58340,2,11,44,0,0,3,2,0,0
58422,2,11,37,0,0,3,2,0,0
58505,2,11,80,0,0,2,2,0,0
58635,2,11,61,0,0,2,1,0,0
58681,2,11,73,0,0,1,2,0,0
58685,2,11,37,0,0,2,2,0,0
58700,2,11,72,0,0,3,3,0,0
58717,2,11,53,0,0,2,1,0,0
58758,2,11,43,0,0,2,2,0,0
58776,2,11,58,0,0,1,2,0,0
58795,2,11,75,0,0,1,8,0,0
58934,2,11,88,0,0,2,3,0,0
59044,2,11,44,0,0,2,2,0,0
59065,2,11,33,0,0,3,8,0,0
59086,2,11,30,0,0,3,1,0,0
59158,2,11,30,0,0,1,1,0,0
59162,2,11,86,0,0,2,3,0,0
59184,2,11,53,0,0,2,2,0,0
59193,2,11,41,0,0,3,8,0,0
59269,2,11,26,0,0,3,1,0,0
59338,2,11,68,0,0,1,2,0,0
59416,2,11,50,0,0,3,2,0,0
59433,2,11,34,0,0,2,1,0,0
59476,2,11,31,0,0,1,8,0,0
59504,2,11,38,0,0,1,2,0,0
59541,2,11,55,0,0,2,3,0,0
59551,2,11,46,0,0,3,1,0,0
57068,1,12,63,0,0,3,3,0,0
57131,1,12,32,0,0,2,2,0,0
57259,1,12,27,0,0,3,1,0,0
57261,1,12,41,0,0,1,1,0,0
57262,1,12,63,0,0,1,1,0,0
57277,1,12,19,0,0,3,3,0,0
57309,1,12,89,0,0,2,2,0,0
57335,1,12,48,0,0,1,2,0,0
57347,1,12,51,0,0,1,1,0,0
57359,1,12,61,0,0,1,2,0,0
57436,1,12,52,0,0,1,1,0,0
57463,1,12,58,0,0,1,2,0,0
57498,1,12,45,0,0,2,2,0,0
57504,1,12,65,0,0,1,2,0,0
57528,1,12,60,0,0,2,1,0,0
57539,1,12,70,0,0,1,1,0,0
57546,1,12,31,0,0,3,2,0,0
57559,1,12,69,0,0,2,2,0,0
57589,1,12,21,0,0,2,2,0,0
57591,1,12,40,0,0,2,1,0,0
57625,1,12,53,0,0,1,2,0,0
57702,1,12,32,0,0,2,1,0,0
57713,1,12,61,0,0,1,2,0,0
57723,1,12,54,0,0,2,1,0,0
57732,1,12,41,0,0,2,2,0,0
57739,1,12,39,0,0,2,3,0,0
57743,1,12,32,0,0,3,3,0,0
57768,1,12,57,0,0,1,1,0,0
57780,1,12,21,0,0,1,2,0,0
57806,1,12,29,0,0,2,1,0,0
57810,1,12,53,0,0,2,1,0,0
57816,1,12,55,0,0,2,2,0,0
57820,1,12,20,0,0,1,3,0,0
57823,1,12,79,0,0,2,2,0,0
57827,1,12,47,0,0,2,2,0,0
57843,1,12,42,0,0,3,2,0,0
57861,1,12,20,0,0,2,1,0,0
57863,1,12,39,0,0,2,2,0,0
57875,1,12,22,0,0,2,2,0,0
57891,1,12,62,0,0,2,1,0,0
57926,1,12,73,0,0,1,1,0,0
57936,1,12,58,0,0,1,2,0,0
57954,1,12,37,0,0,1,2,0,0
57961,1,12,34,0,0,2,1,0,0
57969,1,12,28,0,0,8,2,0,0
57976,1,12,44,0,0,3,3,0,0
57986,1,12,60,0,0,1,1,0,0
57990,1,12,39,0,0,2,1,0,0
57992,1,12,59,0,0,1,2,0,0
58025,1,12,40,0,0,2,2,0,0
58037,1,12,18,0,0,3,1,0,0
58064,1,12,21,0,0,2,2,0,0
58072,1,12,36,0,0,2,2,0,0
58077,1,12,44,0,0,1,1,0,0
58099,1,12,60,0,0,1,2,0,0
58122,1,12,60,0,0,1,1,0,0
58143,1,12,31,0,0,2,2,0,0
58145,1,12,65,0,0,1,3,0,0
58146,1,12,62,0,0,2,3,0,0
58153,1,12,21,0,0,3,8,0,0
58161,1,12,37,0,0,1,1,0,0
58171,1,12,45,0,0,2,1,0,0
58174,1,12,78,0,0,1,1,0,0
58221,1,12,55,0,0,1,1,0,0
58248,1,12,63,0,0,1,2,0,0
58263,1,12,45,0,0,3,3,0,0
58267,1,12,52,0,0,1,2,0,0
58289,1,12,63,0,0,1,1,0,0
58307,1,12,68,0,0,2,1,0,0
58311,1,12,57,0,0,1,1,0,0
58332,1,12,47,0,0,1,1,0,0
58336,1,12,37,0,0,2,2,0,0
58386,1,12,76,0,0,1,1,0,0
58392,1,12,23,0,0,3,2,0,0
58393,1,12,36,0,0,3,1,0,0
58421,1,12,65,0,0,3,3,0,0
58425,1,12,74,0,0,2,2,0,0
58429,1,12,69,0,0,1,1,0,0
58447,1,12,39,0,0,1,1,0,0
58451,1,12,50,0,0,1,1,0,0
58463,1,12,25,0,0,1,1,0,0
58464,1,12,56,0,0,2,1,0,0
58465,1,12,57,0,0,1,1,0,0
58469,1,12,63,0,0,1,3,0,0
58495,1,12,50,0,0,1,1,0,0
58501,1,12,27,0,0,1,8,0,0
58517,1,12,60,0,0,1,2,0,0
58528,1,12,39,0,0,2,1,0,0
58532,1,12,55,0,0,1,1,0,0
58544,1,12,60,0,0,1,2,0,0
58547,1,12,39,0,0,1,2,0,0
58549,1,12,77,0,0,2,1,0,0
58552,1,12,73,0,0,8,8,0,0
58566,1,12,66,0,0,2,1,0,0
58582,1,12,67,0,0,1,8,0,0
58604,1,12,31,0,0,1,2,0,0
58612,1,12,62,0,0,3,3,0,0
58615,1,12,66,0,0,3,8,0,0
58632,1,12,71,0,0,1,2,0,0
58658,1,12,52,0,0,1,2,0,0
58695,1,12,72,0,0,2,2,0,0
58701,1,12,58,0,0,2,2,0,0
58718,1,12,56,0,0,1,1,0,0
58725,1,12,47,0,0,1,1,0,0
58736,1,12,47,0,0,2,2,0,0
58786,1,12,46,0,0,3,1,0,0
58789,1,12,32,0,0,1,1,0,0
58796,1,12,30,0,0,2,2,0,0
58846,1,12,40,0,0,1,2,0,0
58857,1,12,63,0,0,1,1,0,0
58882,1,12,62,0,0,1,3,0,0
58885,1,12,57,0,0,1,1,0,0
58901,1,12,31,0,0,1,2,0,0
58913,1,12,27,0,0,2,2,0,0
58920,1,12,84,0,0,8,8,0,0
58923,1,12,53,0,0,1,3,0,0
58929,1,12,67,0,0,1,2,0,0
58931,1,12,78,0,0,1,1,0,0
58964,1,12,43,0,0,1,3,0,0
58971,1,12,89,0,0,1,2,0,0
58980,1,12,31,0,0,2,8,0,0
58986,1,12,29,0,0,2,1,0,0
59002,1,12,55,0,0,1,1,0,0
59005,1,12,29,0,0,2,1,0,0
59008,1,12,33,0,0,1,2,0,0
59038,1,12,50,0,0,2,2,0,0
59040,1,12,26,0,0,1,2,0,0
59049,1,12,20,0,0,1,2,0,0
59051,1,12,27,0,0,3,1,0,0
59058,1,12,75,0,0,1,1,0,0
59072,1,12,54,0,0,1,1,0,0
59085,1,12,51,0,0,1,1,0,0
59133,1,12,55,0,0,1,2,0,0
59134,1,12,26,0,0,2,2,0,0
59142,1,12,48,0,0,1,1,0,0
59147,1,12,48,0,0,3,1,0,0
59176,1,12,35,0,0,1,1,0,0
59202,1,12,54,0,0,2,1,0,0
59208,1,12,48,0,0,1,2,0,0
59216,1,12,65,0,0,2,2,0,0
59225,1,12,79,0,0,1,1,0,0
59253,1,12,59,0,0,1,1,0,0
59255,1,12,53,0,0,1,2,0,0
59261,1,12,65,0,0,2,1,0,0
59263,1,12,54,0,0,1,3,0,0
59297,1,12,21,0,0,1,2,0,0
59301,1,12,44,0,0,1,2,0,0
59314,1,12,59,0,0,3,8,0,0
59317,1,12,44,0,0,1,1,0,0
59355,1,12,40,0,0,1,2,0,0
59369,1,12,62,0,0,1,2,0,0
59371,1,12,39,0,0,2,2,0,0
59372,1,12,43,0,0,2,2,0,0
59383,1,12,23,0,0,1,2,0,0
59392,1,12,58,0,0,1,1,0,0
59394,1,12,31,0,0,3,1,0,0
59415,1,12,49,0,0,1,2,0,0
59431,1,12,50,0,0,1,3,0,0
59444,1,12,49,0,0,1,1,0,0
59451,1,12,61,0,0,2,1,0,0
59459,1,12,54,0,0,1,1,0,0
59460,1,12,24,0,0,2,2,0,0
59477,1,12,44,0,0,1,3,0,0
59492,1,12,81,0,0,1,8,0,0
59493,1,12,57,0,0,3,2,0,0
59518,1,12,74,0,0,2,3,0,0
59525,1,12,20,0,0,1,1,0,0
59530,1,12,38,0,0,2,2,0,0
59560,1,12,43,0,0,2,2,0,0
59590,1,12,54,0,0,1,3,0,0
59596,1,12,56,0,0,1,1,0,0
57153,2,12,72,0,0,1,2,0,0
57159,2,12,37,0,0,8,1,0,0
57164,2,12,65,0,0,1,3,0,0
57227,2,12,82,0,0,1,8,0,0
57236,2,12,77,0,0,1,2,0,0
57243,2,12,27,0,0,3,2,0,0
57254,2,12,26,0,0,1,2,0,0
57257,2,12,79,0,0,2,2,0,0
57264,2,12,32,0,0,2,2,0,0
57285,2,12,33,0,0,3,3,0,0
57316,2,12,45,0,0,1,2,0,0
57318,2,12,50,0,0,2,2,0,0
57330,2,12,78,0,0,1,1,0,0
57336,2,12,48,0,0,2,2,0,0
57360,2,12,39,0,0,2,2,0,0
57374,2,12,46,0,0,1,1,0,0
57376,2,12,40,0,0,2,1,0,0
57387,2,12,50,0,0,2,2,0,0
57394,2,12,53,0,0,2,2,0,0
57449,2,12,57,0,0,2,1,0,0
57451,2,12,46,0,0,3,2,0,0
57460,2,12,65,0,0,8,8,0,0
57462,2,12,41,0,0,2,9,0,0
57598,2,12,33,0,0,3,2,0,0
57616,2,12,49,0,0,2,2,0,0
57619,2,12,64,0,0,2,2,0,0
57639,2,12,71,0,0,2,2,0,0
57644,2,12,58,0,0,2,8,0,0
57667,2,12,61,0,0,2,1,0,0
57675,2,12,55,0,0,1,2,0,0
57699,2,12,63,0,0,1,1,0,0
57720,2,12,61,0,0,1,1,0,0
57721,2,12,62,0,0,3,3,0,0
57724,2,12,24,0,0,1,1,0,0
57727,2,12,27,0,0,3,8,0,0
57730,2,12,59,0,0,1,3,0,0
57744,2,12,46,0,0,2,3,0,0
57753,2,12,36,0,0,2,2,0,0
57754,2,12,37,0,0,2,8,0,0
57763,2,12,70,0,0,3,1,0,0
57774,2,12,88,0,0,2,2,0,0
57788,2,12,26,0,0,3,1,0,0
57797,2,12,48,0,0,2,2,0,0
57800,2,12,59,0,0,2,2,0,0
57824,2,12,89,0,0,1,1,0,0
57825,2,12,75,0,0,3,2,0,0
57829,2,12,48,0,0,3,1,0,0
57879,2,12,56,0,0,1,2,0,0
57919,2,12,59,0,0,1,1,0,0
57928,2,12,42,0,0,2,3,0,0
57980,2,12,58,0,0,1,2,0,0
58018,2,12,40,0,0,3,2,0,0
58042,2,12,50,0,0,2,1,0,0
58048,2,12,68,0,0,1,2,0,0
58055,2,12,89,0,0,2,3,0,0
58058,2,12,75,0,0,2,2,0,0
58060,2,12,53,0,0,2,2,0,0
58065,2,12,22,0,0,2,2,0,0
58082,2,12,41,0,0,2,2,0,0
58090,2,12,59,0,0,2,2,0,0
58095,2,12,67,0,0,2,2,0,0
58106,2,12,54,0,0,2,1,0,0
58207,2,12,50,0,0,2,1,0,0
58209,2,12,80,0,0,2,3,0,0
58213,2,12,28,0,0,3,2,0,0
58243,2,12,57,0,0,1,2,0,0
58262,2,12,31,0,0,3,3,0,0
58274,2,12,73,0,0,2,3,0,0
58290,2,12,49,0,0,1,2,0,0
58301,2,12,76,0,0,2,2,0,0
58313,2,12,64,0,0,1,2,0,0
58320,2,12,21,0,0,2,2,0,0
58339,2,12,29,0,0,2,1,0,0
58349,2,12,26,0,0,3,2,0,0
58367,2,12,34,0,0,8,1,0,0
58413,2,12,72,0,0,2,1,0,0
58414,2,12,41,0,0,2,2,0,0
58419,2,12,89,0,0,2,8,0,0
58437,2,12,75,0,0,1,1,0,0
58439,2,12,40,0,0,1,2,0,0
58442,2,12,19,0,0,2,2,0,0
58443,2,12,53,0,0,2,8,0,0
58462,2,12,60,0,0,1,2,0,0
58474,2,12,55,0,0,8,1,0,0
58486,2,12,39,0,0,1,2,0,0
58500,2,12,73,0,0,2,3,0,0
58530,2,12,66,0,0,2,2,0,0
58537,2,12,50,0,0,1,2,0,0
58548,2,12,59,0,0,2,2,0,0
58576,2,12,63,0,0,1,1,0,0
58585,2,12,49,0,0,3,2,0,0
58599,2,12,57,0,0,2,2,0,0
58630,2,12,56,0,0,2,2,0,0
58636,2,12,19,0,0,3,2,0,0
58648,2,12,30,0,0,3,1,0,0
58657,2,12,65,0,0,2,2,0,0
58682,2,12,22,0,0,3,2,0,0
58684,2,12,46,0,0,3,3,0,0
58690,2,12,33,0,0,1,2,0,0
58714,2,12,25,0,0,3,2,0,0
58720,2,12,20,0,0,2,2,0,0
58737,2,12,69,0,0,2,2,0,0
58744,2,12,45,0,0,2,2,0,0
58748,2,12,82,0,0,1,8,0,0
58751,2,12,88,0,0,1,2,0,0
58760,2,12,56,0,0,2,2,0,0
58771,2,12,30,0,0,3,1,0,0
58777,2,12,34,0,0,2,2,0,0
58785,2,12,68,0,0,2,2,0,0
58787,2,12,22,0,0,2,2,0,0
58805,2,12,68,0,0,1,1,0,0
58807,2,12,67,0,0,1,1,0,0
58820,2,12,34,0,0,2,1,0,0
58830,2,12,53,0,0,2,2,0,0
58832,2,12,80,0,0,2,2,0,0
58839,2,12,56,0,0,3,1,0,0
58850,2,12,80,0,0,1,1,0,0
58856,2,12,33,0,0,2,2,0,0
58859,2,12,73,0,0,2,2,0,0
58875,2,12,33,0,0,1,2,0,0
58877,2,12,36,0,0,2,1,0,0
58879,2,12,23,0,0,1,1,0,0
58881,2,12,43,0,0,3,1,0,0
58909,2,12,60,0,0,1,8,0,0
58922,2,12,58,0,0,1,1,0,0
58933,2,12,57,0,0,3,1,0,0
58940,2,12,40,0,0,2,2,0,0
58963,2,12,84,0,0,1,2,0,0
58975,2,12,57,0,0,1,8,0,0
58979,2,12,44,0,0,2,3,0,0
58997,2,12,65,0,0,1,2,0,0
59011,2,12,76,0,0,2,2,0,0
59019,2,12,55,0,0,1,2,0,0
59041,2,12,52,0,0,1,2,0,0
59050,2,12,65,0,0,2,3,0,0
59053,2,12,67,0,0,2,8,0,0
59083,2,12,35,0,0,1,2,0,0
59115,2,12,34,0,0,2,2,0,0
59120,2,12,63,0,0,1,2,0,0
59125,2,12,61,0,0,2,1,0,0
59148,2,12,25,0,0,8,2,0,0
59151,2,12,64,0,0,1,1,0,0
59154,2,12,67,0,0,1,2,0,0
59171,2,12,89,0,0,1,2,0,0
59181,2,12,37,0,0,2,2,0,0
59188,2,12,57,0,0,2,1,0,0
59230,2,12,27,0,0,3,3,0,0
59254,2,12,63,0,0,1,3,0,0
59278,2,12,35,0,0,2,2,0,0
59290,2,12,36,0,0,2,2,0,0
59294,2,12,61,0,0,1,2,0,0
59308,2,12,49,0,0,1,8,0,0
59335,2,12,46,0,0,2,2,0,0
59339,2,12,60,0,0,2,2,0,0
59340,2,12,29,0,0,1,1,0,0
59364,2,12,59,0,0,2,2,0,0
59366,2,12,78,0,0,1,8,0,0
59408,2,12,20,0,0,1,8,0,0
59412,2,12,31,0,0,1,1,0,0
59413,2,12,54,0,0,1,1,0,0
59417,2,12,21,0,0,2,2,0,0
59428,2,12,64,0,0,1,3,0,0
59429,2,12,64,0,0,2,2,0,0
59432,2,12,47,0,0,2,1,0,0
59442,2,12,30,0,0,2,1,0,0
59447,2,12,27,0,0,2,2,0,0
59481,2,12,58,0,0,1,2,0,0
59485,2,12,79,0,0,1,8,0,0
59511,2,12,62,0,0,1,1,0,0
59519,2,12,50,0,0,2,2,0,0
59550,2,12,75,0,0,2,8,0,0
59557,2,12,77,0,0,1,2,0,0
59558,2,12,37,0,0,2,8,0,0
59559,2,12,67,0,0,1,2,0,0
59564,2,12,58,0,0,1,1,0,0
59566,2,12,88,0,0,3,2,0,0
59570,2,12,38,0,0,2,2,0,0
59572,2,12,49,0,0,1,2,0,0
59574,2,12,54,0,0,2,1,0,0
59577,2,12,36,0,0,2,3,0,0
57064,1,13,59,0,0,1,2,0,0
57079,1,13,46,0,0,1,8,0,0
57263,1,13,25,0,0,3,2,0,0
57337,1,13,57,0,0,1,1,0,0
57343,1,13,30,0,0,1,2,0,0
57417,1,13,28,0,0,2,1,0,0
57438,1,13,60,0,0,1,1,0,0
57521,1,13,65,0,0,1,1,0,0
57541,1,13,63,0,0,1,1,0,0
57588,1,13,23,0,0,2,2,0,0
57650,1,13,47,0,0,2,2,0,0
57656,1,13,74,0,0,1,2,0,0
57674,1,13,47,0,0,1,2,0,0
57693,1,13,41,0,0,1,1,0,0
57697,1,13,30,0,0,2,2,0,0
57731,1,13,63,0,0,1,1,0,0
57842,1,13,33,0,0,2,2,0,0
57846,1,13,56,0,0,2,2,0,0
57851,1,13,66,0,0,2,1,0,0
57853,1,13,49,0,0,1,1,0,0
57916,1,13,29,0,0,1,3,0,0
57939,1,13,31,0,0,2,2,0,0
57957,1,13,19,0,0,2,2,0,0
57998,1,13,53,0,0,1,2,0,0
58062,1,13,35,0,0,3,3,0,0
58121,1,13,26,0,0,2,2,0,0
58144,1,13,58,0,0,1,1,0,0
58189,1,13,28,0,0,3,2,0,0
58303,1,13,60,0,0,1,2,0,0
58369,1,13,20,0,0,2,1,0,0
58628,1,13,58,0,0,3,3,0,0
58667,1,13,33,0,0,2,1,0,0
58726,1,13,65,0,0,1,1,0,0
58819,1,13,50,0,0,1,1,0,0
58845,1,13,23,0,0,2,2,0,0
58928,1,13,73,0,0,2,1,0,0
59150,1,13,29,0,0,1,1,0,0
59156,1,13,22,0,0,1,2,0,0
59214,1,13,88,0,0,2,2,0,0
59220,1,13,24,0,0,1,8,0,0
59268,1,13,32,0,0,2,1,0,0
59472,1,13,26,0,0,1,8,0,0
57078,2,13,51,0,0,3,2,0,0
57158,2,13,28,0,0,1,1,0,0
57231,2,13,84,0,0,8,1,0,0
57275,2,13,38,0,0,3,1,0,0
57289,2,13,78,0,0,8,2,0,0
57397,2,13,23,0,0,1,1,0,0
57414,2,13,53,0,0,1,2,0,0
57452,2,13,23,0,0,3,3,0,0
57473,2,13,72,0,0,1,3,0,0
57480,2,13,62,0,0,1,2,0,0
57561,2,13,65,0,0,2,2,0,0
57623,2,13,68,0,0,2,2,0,0
57631,2,13,31,0,0,3,8,0,0
57658,2,13,58,0,0,2,2,0,0
57695,2,13,67,0,0,2,2,0,0
57704,2,13,50,0,0,2,1,0,0
57708,2,13,31,0,0,3,2,0,0
57712,2,13,25,0,0,1,2,0,0
57714,2,13,50,0,0,1,2,0,0
57719,2,13,24,0,0,2,2,0,0
57764,2,13,24,0,0,3,3,0,0
57838,2,13,24,0,0,1,2,0,0
57841,2,13,18,0,0,3,2,0,0
57894,2,13,23,0,0,1,1,0,0
57968,2,13,59,0,0,1,3,0,0
57983,2,13,42,0,0,1,3,0,0
58051,2,13,89,0,0,2,2,0,0
58131,2,13,51,0,0,3,1,0,0
58272,2,13,25,0,0,3,3,0,0
58275,2,13,22,0,0,2,2,0,0
58323,2,13,32,0,0,2,2,0,0
58371,2,13,33,0,0,1,1,0,0
58385,2,13,61,0,0,2,2,0,0
58433,2,13,43,0,0,1,2,0,0
58499,2,13,67,0,0,1,1,0,0
58504,2,13,34,0,0,2,2,0,0
58588,2,13,55,0,0,1,2,0,0
58638,2,13,25,0,0,3,1,0,0
58698,2,13,48,0,0,3,2,0,0
58703,2,13,32,0,0,2,3,0,0
58749,2,13,52,0,0,1,2,0,0
58841,2,13,45,0,0,1,3,0,0
58871,2,13,77,0,0,1,1,0,0
58921,2,13,67,0,0,2,2,0,0
58943,2,13,41,0,0,2,8,0,0
59052,2,13,53,0,0,2,2,0,0
59055,2,13,19,0,0,2,2,0,0
59140,2,13,61,0,0,2,2,0,0
59153,2,13,23,0,0,2,2,0,0
59296,2,13,24,0,0,1,1,0,0
59300,2,13,31,0,0,2,1,0,0
59342,2,13,47,0,0,2,2,0,0
59390,2,13,63,0,0,2,2,0,0
59400,2,13,24,0,0,2,2,0,0
59452,2,13,64,0,0,2,2,0,0
59543,2,13,53,0,0,8,8,0,0
59549,2,13,26,0,0,3,2,0,0
57080,1,14,51,0,0,1,2,0,0
57111,1,14,32,0,0,2,2,0,0
57114,1,14,29,0,0,1,2,0,0
57204,1,14,21,0,0,1,2,0,0
57225,1,14,23,0,0,1,2,0,0
57234,1,14,55,0,0,2,1,0,0
57242,1,14,37,0,0,1,1,0,0
57251,1,14,31,0,0,1,2,0,0
57287,1,14,69,0,0,1,1,0,0
57294,1,14,37,0,0,2,2,0,0
57442,1,14,23,0,0,1,1,0,0
57630,1,14,56,0,0,1,2,0,0
57689,1,14,69,0,0,1,1,0,0
57707,1,14,53,0,0,2,2,0,0
57791,1,14,45,0,0,1,2,0,0
57882,1,14,27,0,0,2,2,0,0
57925,1,14,31,0,0,1,1,0,0
57927,1,14,58,0,0,2,1,0,0
57962,1,14,39,0,0,2,1,0,0
57994,1,14,37,0,0,2,2,0,0
58006,1,14,31,0,0,2,2,0,0
58024,1,14,59,0,0,1,2,0,0
58126,1,14,46,0,0,2,2,0,0
58139,1,14,21,0,0,1,1,0,0
58177,1,14,32,0,0,2,2,0,0
58180,1,14,38,0,0,2,2,0,0
58194,1,14,64,0,0,1,1,0,0
58242,1,14,49,0,0,1,2,0,0
58247,1,14,35,0,0,1,2,0,0
58250,1,14,50,0,0,3,2,0,0
58321,1,14,76,0,0,2,2,0,0
58329,1,14,51,0,0,1,2,0,0
58337,1,14,57,0,0,2,1,0,0
58394,1,14,22,0,0,2,3,0,0
58409,1,14,36,0,0,2,2,0,0
58519,1,14,80,0,0,2,3,0,0
58553,1,14,34,0,0,2,1,0,0
58607,1,14,51,0,0,2,2,0,0
58631,1,14,44,0,0,1,1,0,0
58634,1,14,32,0,0,2,2,0,0
58660,1,14,70,0,0,2,3,0,0
58773,1,14,20,0,0,1,1,0,0
58809,1,14,64,0,0,1,1,0,0
58828,1,14,26,0,0,1,2,0,0
58855,1,14,41,0,0,2,2,0,0
58899,1,14,47,0,0,2,2,0,0
58949,1,14,37,0,0,2,2,0,0
58962,1,14,39,0,0,3,3,0,0
58993,1,14,85,0,0,3,2,0,0
59160,1,14,39,0,0,1,1,0,0
59165,1,14,59,0,0,3,1,0,0
59233,1,14,39,0,0,1,1,0,0
59235,1,14,33,0,0,2,1,0,0
59240,1,14,26,0,0,2,1,0,0
59246,1,14,32,0,0,1,2,0,0
59249,1,14,55,0,0,1,1,0,0
59334,1,14,30,0,0,1,1,0,0
59387,1,14,57,0,0,2,2,0,0
59404,1,14,44,0,0,8,2,0,0
59422,1,14,60,0,0,1,2,0,0
59473,1,14,51,0,0,1,2,0,0
59488,1,14,69,0,0,1,1,0,0
59592,1,14,40,0,0,2,8,0,0
59597,1,14,24,0,0,2,2,0,0
57157,2,14,26,0,0,1,2,0,0
57194,2,14,54,0,0,2,2,0,0
57217,2,14,81,0,0,1,1,0,0
57228,2,14,50,0,0,1,1,0,0
57315,2,14,21,0,0,2,1,0,0
57338,2,14,29,0,0,2,2,0,0
57339,2,14,30,0,0,1,2,0,0
57370,2,14,85,0,0,1,8,0,0
57375,2,14,28,0,0,2,2,0,0
57601,2,14,71,0,0,1,2,0,0
57612,2,14,76,0,0,3,3,0,0
57618,2,14,49,0,0,1,2,0,0
57626,2,14,74,0,0,2,2,0,0
57659,2,14,76,0,0,2,2,0,0
57663,2,14,53,0,0,1,2,0,0
57690,2,14,61,0,0,1,2,0,0
57700,2,14,26,0,0,1,1,0,0
57756,2,14,26,0,0,2,1,0,0
57793,2,14,22,0,0,3,1,0,0
57807,2,14,32,0,0,2,2,0,0
57836,2,14,68,0,0,1,1,0,0
57852,2,14,58,0,0,1,1,0,0
57888,2,14,36,0,0,1,2,0,0
57897,2,14,19,0,0,3,1,0,0
57898,2,14,73,0,0,1,1,0,0
57931,2,14,54,0,0,3,8,0,0
57952,2,14,28,0,0,2,2,0,0
57970,2,14,32,0,0,2,2,0,0
58033,2,14,83,0,0,2,2,0,0
58085,2,14,62,0,0,2,1,0,0
58154,2,14,42,0,0,2,1,0,0
58172,2,14,21,0,0,2,2,0,0
58173,2,14,32,0,0,8,1,0,0
58179,2,14,27,0,0,3,1,0,0
58228,2,14,27,0,0,3,2,0,0
58238,2,14,45,0,0,2,2,0,0
58246,2,14,42,0,0,3,1,0,0
58270,2,14,25,0,0,2,2,0,0
58271,2,14,39,0,0,2,2,0,0
58281,2,14,56,0,0,2,3,0,0
58348,2,14,40,0,0,2,2,0,0
58431,2,14,78,0,0,2,2,0,0
58482,2,14,29,0,0,1,2,0,0
58543,2,14,74,0,0,1,1,0,0
58557,2,14,72,0,0,1,1,0,0
58564,2,14,33,0,0,3,1,0,0
58651,2,14,61,0,0,1,3,0,0
58697,2,14,49,0,0,2,2,0,0
58708,2,14,29,0,0,2,2,0,0
58733,2,14,41,0,0,3,8,0,0
58755,2,14,69,0,0,1,1,0,0
58799,2,14,28,0,0,1,2,0,0
58829,2,14,60,0,0,2,1,0,0
58849,2,14,61,0,0,1,1,0,0
58900,2,14,20,0,0,3,2,0,0
58902,2,14,44,0,0,1,8,0,0
58911,2,14,72,0,0,2,2,0,0
58948,2,14,41,0,0,2,2,0,0
59046,2,14,63,0,0,1,1,0,0
59068,2,14,54,0,0,3,3,0,0
59091,2,14,29,0,0,3,2,0,0
59098,2,14,89,0,0,2,2,0,0
59103,2,14,46,0,0,1,2,0,0
59137,2,14,60,0,0,1,1,0,0
59139,2,14,38,0,0,3,2,0,0
59172,2,14,35,0,0,3,2,0,0
59189,2,14,83,0,0,1,2,0,0
59210,2,14,62,0,0,1,1,0,0
59218,2,14,33,0,0,1,1,0,0
59227,2,14,44,0,0,3,8,0,0
59357,2,14,65,0,0,1,3,0,0
59393,2,14,30,0,0,3,2,0,0
59398,2,14,44,0,0,2,2,0,0
59403,2,14,51,0,0,3,3,0,0
59522,2,14,40,0,0,1,1,0,0
59546,2,14,86,0,0,2,8,0,0
59575,2,14,34,0,0,2,1,0,0
59594,2,14,75,0,0,1,2,0,0
59595,2,14,89,0,0,2,2,0,0
57090,1,15,50,0,0,1,2,0,0
57108,1,15,30,0,0,1,2,0,0
57410,1,15,38,0,0,3,3,0,0
57435,1,15,65,0,0,1,2,0,0
57456,1,15,27,0,0,8,8,0,0
57654,1,15,66,0,0,1,2,0,0
57716,1,15,57,0,0,1,2,0,0
57859,1,15,26,0,0,1,1,0,0
57903,1,15,89,0,0,1,3,0,0
58039,1,15,54,0,0,2,1,0,0
58134,1,15,66,0,0,1,1,0,0
58244,1,15,26,0,0,2,2,0,0
58276,1,15,60,0,0,1,1,0,0
58412,1,15,78,0,0,2,3,0,0
58454,1,15,67,0,0,2,2,0,0
58479,1,15,36,0,0,1,1,0,0
58572,1,15,62,0,0,1,3,0,0
58924,1,15,39,0,0,1,2,0,0
59017,1,15,67,0,0,1,3,0,0
59114,1,15,60,0,0,1,1,0,0
59149,1,15,77,0,0,2,3,0,0
59206,1,15,52,0,0,1,1,0,0
57071,2,15,30,0,0,2,1,0,0
57086,2,15,38,0,0,2,2,0,0
57118,2,15,63,0,0,1,8,0,0
57156,2,15,40,0,0,1,3,0,0
57352,2,15,39,0,0,2,2,0,0
57358,2,15,31,0,0,2,3,0,0
57389,2,15,34,0,0,2,2,0,0
57448,2,15,38,0,0,2,1,0,0
57572,2,15,37,0,0,3,3,0,0
57638,2,15,45,0,0,3,2,0,0
57652,2,15,42,0,0,1,1,0,0
57817,2,15,39,0,0,3,2,0,0
57920,2,15,34,0,0,1,2,0,0
57930,2,15,51,0,0,2,2,0,0
58105,2,15,55,0,0,2,1,0,0
58137,2,15,25,0,0,3,1,0,0
58141,2,15,29,0,0,2,1,0,0
58203,2,15,31,0,0,2,2,0,0
58322,2,15,79,0,0,1,1,0,0
58424,2,15,29,0,0,3,2,0,0
58456,2,15,44,0,0,3,3,0,0
58488,2,15,67,0,0,1,2,0,0
58546,2,15,41,0,0,1,2,0,0
58664,2,15,20,0,0,2,1,0,0
58692,2,15,41,0,0,2,2,0,0
58853,2,15,54,0,0,2,2,0,0
59070,2,15,42,0,0,8,8,0,0
59221,2,15,20,0,0,2,8,0,0
59285,2,15,29,0,0,2,2,0,0
59311,2,15,64,0,0,1,1,0,0
59356,2,15,41,0,0,2,2,0,0
59386,2,15,34,0,0,2,1,0,0
59487,2,15,48,0,0,2,8,0,0
59580,2,15,38,0,0,2,2,0,0
57089,1,16,57,0,0,1,1,0,0
57091,1,16,54,0,0,1,1,0,0
57095,1,16,47,0,0,1,1,0,0
57122,1,16,51,0,0,2,2,0,0
57127,1,16,69,0,0,1,1,0,0
57130,1,16,24,0,0,2,2,0,0
57149,1,16,41,0,0,2,2,0,0
57182,1,16,41,0,0,2,2,0,0
57193,1,16,53,0,0,2,1,0,0
57211,1,16,55,0,0,2,2,0,0
57237,1,16,46,0,0,1,1,0,0
57250,1,16,48,0,0,1,1,0,0
57279,1,16,46,0,0,8,1,0,0
57311,1,16,32,0,0,1,1,0,0
57333,1,16,81,0,0,1,2,0,0
57365,1,16,60,0,0,1,1,0,0
57395,1,16,41,0,0,1,1,0,0
57413,1,16,70,0,0,1,1,0,0
57427,1,16,49,0,0,3,1,0,0
57482,1,16,70,0,0,8,3,0,0
57511,1,16,50,0,0,3,1,0,0
57513,1,16,65,0,0,3,2,0,0
57544,1,16,63,0,0,2,2,0,0
57548,1,16,59,0,0,1,3,0,0
57565,1,16,54,0,0,1,1,0,0
57607,1,16,69,0,0,2,1,0,0
57622,1,16,45,0,0,3,2,0,0
57660,1,16,66,0,0,2,2,0,0
57676,1,16,29,0,0,3,2,0,0
57677,1,16,36,0,0,1,2,0,0
57685,1,16,40,0,0,2,1,0,0
57728,1,16,36,0,0,1,1,0,0
57740,1,16,25,0,0,2,2,0,0
57758,1,16,27,0,0,1,1,0,0
57776,1,16,50,0,0,2,1,0,0
57795,1,16,50,0,0,2,2,0,0
57935,1,16,42,0,0,1,1,0,0
57982,1,16,53,0,0,1,1,0,0
58019,1,16,53,0,0,1,1,0,0
58031,1,16,64,0,0,1,2,0,0
58035,1,16,42,0,0,1,1,0,0
58040,1,16,62,0,0,2,2,0,0
58111,1,16,73,0,0,2,2,0,0
58182,1,16,34,0,0,1,1,0,0
58204,1,16,51,0,0,1,2,0,0
58219,1,16,56,0,0,1,2,0,0
58273,1,16,29,0,0,2,3,0,0
58363,1,16,43,0,0,1,3,0,0
58372,1,16,29,0,0,2,2,0,0
58407,1,16,31,0,0,2,1,0,0
58460,1,16,66,0,0,1,2,0,0
58472,1,16,32,0,0,1,2,0,0
58533,1,16,62,0,0,1,1,0,0
58540,1,16,26,0,0,2,2,0,0
58575,1,16,41,0,0,1,2,0,0
58594,1,16,22,0,0,1,1,0,0
58605,1,16,40,0,0,2,2,0,0
58621,1,16,37,0,0,1,2,0,0
58633,1,16,86,0,0,2,3,0,0
58713,1,16,71,0,0,2,2,0,0
58716,1,16,76,0,0,1,8,0,0
58729,1,16,43,0,0,3,1,0,0
58741,1,16,68,0,0,1,3,0,0
58764,1,16,64,0,0,2,2,0,0
58778,1,16,67,0,0,1,1,0,0
58798,1,16,49,0,0,1,2,0,0
58811,1,16,44,0,0,3,2,0,0
58827,1,16,29,0,0,2,2,0,0
58842,1,16,65,0,0,1,1,0,0
58945,1,16,57,0,0,2,2,0,0
58983,1,16,27,0,0,2,2,0,0
59009,1,16,56,0,0,3,3,0,0
59026,1,16,25,0,0,2,1,0,0
59124,1,16,39,0,0,3,1,0,0
59130,1,16,58,0,0,3,2,0,0
59132,1,16,24,0,0,2,1,0,0
59182,1,16,67,0,0,2,1,0,0
59232,1,16,47,0,0,1,1,0,0
59245,1,16,32,0,0,1,1,0,0
59288,1,16,28,0,0,3,2,0,0
59293,1,16,37,0,0,2,1,0,0
59303,1,16,65,0,0,1,1,0,0
59323,1,16,64,0,0,3,1,0,0
59350,1,16,41,0,0,1,2,0,0
59354,1,16,62,0,0,2,2,0,0
59377,1,16,62,0,0,1,1,0,0
59381,1,16,31,0,0,3,2,0,0
59414,1,16,82,0,0,2,1,0,0
59424,1,16,44,0,0,1,2,0,0
59463,1,16,55,0,0,1,2,0,0
59471,1,16,58,0,0,1,1,0,0
59482,1,16,31,0,0,1,2,0,0
59520,1,16,40,0,0,1,1,0,0
59573,1,16,34,0,0,1,1,0,0
59578,1,16,65,0,0,1,1,0,0
59585,1,16,49,0,0,2,1,0,0
57065,2,16,56,0,0,2,2,0,0
57123,2,16,32,0,0,2,2,0,0
57125,2,16,47,0,0,1,1,0,0
57128,2,16,65,0,0,2,1,0,0
57134,2,16,51,0,0,1,2,0,0
57139,2,16,58,0,0,2,1,0,0
57154,2,16,27,0,0,2,2,0,0
57165,2,16,32,0,0,8,3,0,0
57190,2,16,29,0,0,2,3,0,0
57201,2,16,57,0,0,1,1,0,0
57210,2,16,37,0,0,1,2,0,0
57212,2,16,74,0,0,1,1,0,0
57299,2,16,30,0,0,1,1,0,0
57334,2,16,63,0,0,1,1,0,0
57340,2,16,29,0,0,2,2,0,0
57357,2,16,61,0,0,2,2,0,0
57364,2,16,84,0,0,1,1,0,0
57421,2,16,50,0,0,1,1,0,0
57426,2,16,30,0,0,2,2,0,0
57430,2,16,49,0,0,2,2,0,0
57434,2,16,69,0,0,2,2,0,0
57461,2,16,64,0,0,2,2,0,0
57477,2,16,40,0,0,2,1,0,0
57478,2,16,37,0,0,1,1,0,0
57501,2,16,25,0,0,2,2,0,0
57502,2,16,66,0,0,1,1,0,0
57519,2,16,44,0,0,2,2,0,0
57538,2,16,55,0,0,1,2,0,0
57540,2,16,52,0,0,1,1,0,0
57542,2,16,69,0,0,1,1,0,0
57552,2,16,54,0,0,2,1,0,0
57568,2,16,40,0,0,1,1,0,0
57571,2,16,58,0,0,2,1,0,0
57582,2,16,56,0,0,1,1,0,0
57583,2,16,37,0,0,2,1,0,0
57605,2,16,30,0,0,2,1,0,0
57610,2,16,64,0,0,2,2,0,0
57614,2,16,38,0,0,2,1,0,0
57615,2,16,77,0,0,2,2,0,0
57629,2,16,44,0,0,2,1,0,0
57645,2,16,54,0,0,2,1,0,0
57655,2,16,55,0,0,2,2,0,0
57678,2,16,44,0,0,1,2,0,0
57684,2,16,31,0,0,2,2,0,0
57688,2,16,29,0,0,2,2,0,0
57726,2,16,33,0,0,2,2,0,0
57752,2,16,61,0,0,2,1,0,0
57757,2,16,33,0,0,2,2,0,0
57759,2,16,34,0,0,1,1,0,0
57790,2,16,53,0,0,2,2,0,0
57835,2,16,48,0,0,2,1,0,0
57860,2,16,26,0,0,1,1,0,0
57870,2,16,25,0,0,2,1,0,0
57873,2,16,37,0,0,1,2,0,0
57890,2,16,31,0,0,1,2,0,0
57899,2,16,40,0,0,2,1,0,0
57900,2,16,73,0,0,1,1,0,0
57908,2,16,39,0,0,1,1,0,0
57922,2,16,34,0,0,3,1,0,0
57940,2,16,56,0,0,2,2,0,0
57950,2,16,30,0,0,2,2,0,0
57959,2,16,41,0,0,2,2,0,0
57988,2,16,38,0,0,2,2,0,0
57991,2,16,38,0,0,2,1,0,0
58027,2,16,70,0,0,1,1,0,0
58043,2,16,23,0,0,2,1,0,0
58069,2,16,33,0,0,2,1,0,0
58124,2,16,72,0,0,2,2,0,0
58132,2,16,42,0,0,2,2,0,0
58156,2,16,42,0,0,2,1,0,0
58166,2,16,89,0,0,1,1,0,0
58184,2,16,26,0,0,2,2,0,0
58195,2,16,33,0,0,1,2,0,0
58199,2,16,43,0,0,2,1,0,0
58268,2,16,52,0,0,1,3,0,0
58331,2,16,22,0,0,2,1,0,0
58360,2,16,55,0,0,2,1,0,0
58379,2,16,58,0,0,2,2,0,0
58380,2,16,51,0,0,1,2,0,0
58389,2,16,47,0,0,2,2,0,0
58404,2,16,76,0,0,3,2,0,0
58417,2,16,61,0,0,1,1,0,0
58420,2,16,34,0,0,1,1,0,0
58428,2,16,53,0,0,2,2,0,0
58434,2,16,34,0,0,1,2,0,0
58483,2,16,25,0,0,8,2,0,0
58529,2,16,51,0,0,1,2,0,0
58577,2,16,33,0,0,2,8,0,0
58583,2,16,81,0,0,1,1,0,0
58595,2,16,55,0,0,1,1,0,0
58652,2,16,36,0,0,2,2,0,0
58654,2,16,59,0,0,1,1,0,0
58659,2,16,68,0,0,1,1,0,0
58683,2,16,37,0,0,2,1,0,0
58691,2,16,30,0,0,2,2,0,0
58711,2,16,72,0,0,1,3,0,0
58715,2,16,79,0,0,1,2,0,0
58724,2,16,31,0,0,2,2,0,0
58768,2,16,43,0,0,2,2,0,0
58769,2,16,22,0,0,2,2,0,0
58802,2,16,42,0,0,1,1,0,0
58813,2,16,51,0,0,1,1,0,0
58816,2,16,78,0,0,3,1,0,0
58833,2,16,71,0,0,1,2,0,0
58838,2,16,26,0,0,2,2,0,0
58843,2,16,78,0,0,1,1,0,0
58854,2,16,50,0,0,1,1,0,0
58872,2,16,41,0,0,2,8,0,0
58874,2,16,74,0,0,1,2,0,0
58892,2,16,74,0,0,1,1,0,0
58910,2,16,29,0,0,2,1,0,0
58917,2,16,31,0,0,3,1,0,0
58932,2,16,55,0,0,2,2,0,0
58953,2,16,56,0,0,2,2,0,0
58954,2,16,39,0,0,2,2,0,0
59031,2,16,71,0,0,2,3,0,0
59047,2,16,29,0,0,2,2,0,0
59121,2,16,78,0,0,1,2,0,0
59127,2,16,43,0,0,1,2,0,0
59129,2,16,61,0,0,1,1,0,0
59166,2,16,99,0,0,1,1,0,0
59199,2,16,30,0,0,2,1,0,0
59205,2,16,43,0,0,2,2,0,0
59213,2,16,39,0,0,2,2,0,0
59327,2,16,58,0,0,1,2,0,0
59359,2,16,49,0,0,1,3,0,0
59368,2,16,41,0,0,2,2,0,0
59376,2,16,46,0,0,2,1,0,0
59399,2,16,26,0,0,1,1,0,0
59446,2,16,38,0,0,1,2,0,0
59467,2,16,39,0,0,1,2,0,0
59535,2,16,38,0,0,1,1,0,0
59579,2,16,48,0,0,2,1,0,0
59589,2,16,63,0,0,8,1,0,0
57069,1,17,34,0,0,1,2,0,0
57288,1,17,61,0,0,1,1,0,0
57396,1,17,35,0,0,1,1,0,0
57592,1,17,28,0,0,2,1,0,0
57613,1,17,50,0,0,1,2,0,0
57941,1,17,34,0,0,2,1,0,0
58036,1,17,84,0,0,1,2,0,0
58052,1,17,55,0,0,1,1,0,0
58335,1,17,45,0,0,2,8,0,0
58374,1,17,26,0,0,2,1,0,0
58722,1,17,59,0,0,1,1,0,0
59024,1,17,61,0,0,1,3,0,0
59141,1,17,65,0,0,1,1,0,0
59198,1,17,54,0,0,1,2,0,0
57067,2,17,56,0,0,1,1,0,0
57102,2,17,61,0,0,1,1,0,0
57160,2,17,99,0,0,2,2,0,0
57235,2,17,62,0,0,3,3,0,0
57424,2,17,32,0,0,1,2,0,0
57476,2,17,38,0,0,2,2,0,0
57479,2,17,35,0,0,1,1,0,0
57535,2,17,24,0,0,1,2,0,0
57574,2,17,60,0,0,3,1,0,0
57599,2,17,42,0,0,2,2,0,0
57709,2,17,37,0,0,1,2,0,0
57733,2,17,36,0,0,3,1,0,0
57905,2,17,67,0,0,3,3,0,0
57938,2,17,40,0,0,1,1,0,0
58061,2,17,56,0,0,2,2,0,0
58138,2,17,78,0,0,2,1,0,0
58376,2,17,47,0,0,2,2,0,0
58591,2,17,83,0,0,1,1,0,0
58916,2,17,44,0,0,2,3,0,0
59025,2,17,30,0,0,3,3,0,0
59118,2,17,24,0,0,1,8,0,0
59211,2,17,31,0,0,8,1,0,0
59212,2,17,54,0,0,2,1,0,0
59439,2,17,24,0,0,2,2,0,0
59450,2,17,38,0,0,2,2,0,0
57116,1,18,51,0,0,2,2,0,0
57129,1,18,57,0,0,1,2,0,0
57163,1,18,32,0,0,1,1,0,0
57229,1,18,83,0,0,2,2,0,0
57412,1,18,70,0,0,2,1,0,0
57497,1,18,56,0,0,3,1,0,0
57596,1,18,29,0,0,1,1,0,0
57694,1,18,35,0,0,1,1,0,0
57956,1,18,25,0,0,2,2,0,0
58109,1,18,67,0,0,1,2,0,0
58115,1,18,62,0,0,2,1,0,0
58183,1,18,64,0,0,1,2,0,0
58220,1,18,48,0,0,3,3,0,0
58390,1,18,32,0,0,1,1,0,0
58481,1,18,27,0,0,2,2,0,0
58742,1,18,58,0,0,1,1,0,0
58821,1,18,66,0,0,1,1,0,0
59003,1,18,53,0,0,1,1,0,0
59177,1,18,26,0,0,1,2,0,0
59215,1,18,36,0,0,1,1,0,0
59238,1,18,29,0,0,1,1,0,0
59241,1,18,67,0,0,1,1,0,0
57120,2,18,56,0,0,1,2,0,0
57177,2,18,35,0,0,8,3,0,0
57195,2,18,64,0,0,2,2,0,0
57209,2,18,45,0,0,1,1,0,0
57303,2,18,51,0,0,1,2,0,0
57402,2,18,39,0,0,1,1,0,0
57441,2,18,36,0,0,2,2,0,0
57455,2,18,70,0,0,1,2,0,0
57523,2,18,45,0,0,2,2,0,0
57551,2,18,47,0,0,2,1,0,0
57555,2,18,54,0,0,2,1,0,0
57556,2,18,57,0,0,2,2,0,0
57641,2,18,33,0,0,2,2,0,0
57734,2,18,36,0,0,3,2,0,0
57906,2,18,61,0,0,1,1,0,0
57958,2,18,38,0,0,2,2,0,0
57964,2,18,27,0,0,2,1,0,0
58012,2,18,71,0,0,1,1,0,0
58116,2,18,83,0,0,2,1,0,0
58117,2,18,41,0,0,2,1,0,0
58135,2,18,25,0,0,1,1,0,0
58185,2,18,39,0,0,2,1,0,0
58190,2,18,39,0,0,1,2,0,0
58277,2,18,26,0,0,2,2,0,0
58373,2,18,47,0,0,1,1,0,0
58399,2,18,32,0,0,2,1,0,0
58466,2,18,42,0,0,1,1,0,0
58558,2,18,50,0,0,1,1,0,0
58610,2,18,35,0,0,1,1,0,0
58661,2,18,66,0,0,2,1,0,0
58775,2,18,87,0,0,1,8,0,0
58814,2,18,86,0,0,2,2,0,0
58915,2,18,56,0,0,2,2,0,0
58930,2,18,47,0,0,2,3,0,0
58942,2,18,39,0,0,1,2,0,0
58956,2,18,50,0,0,1,2,0,0
59018,2,18,59,0,0,2,1,0,0
59034,2,18,38,0,0,2,2,0,0
59061,2,18,70,0,0,1,1,0,0
59099,2,18,41,0,0,2,2,0,0
59101,2,18,74,0,0,2,2,0,0
59117,2,18,57,0,0,1,1,0,0
59185,2,18,30,0,0,1,1,0,0
59264,2,18,71,0,0,1,1,0,0
59305,2,18,31,0,0,2,2,0,0
59326,2,18,33,0,0,1,1,0,0
59533,2,18,65,0,0,1,2,0,0
59539,2,18,37,0,0,1,2,0,0
57230,1,19,67,0,0,1,1,0,0
57472,1,19,35,0,0,1,2,0,0
57514,1,19,31,0,0,1,1,0,0
57545,1,19,43,0,0,1,2,0,0
57777,1,19,76,0,0,2,1,0,0
57868,1,19,53,0,0,1,1,0,0
57869,1,19,37,0,0,1,1,0,0
58038,1,19,77,0,0,1,8,0,0
58441,1,19,53,0,0,8,8,0,0
58886,1,19,56,0,0,1,2,0,0
59004,1,19,82,0,0,1,1,0,0
59449,1,19,49,0,0,1,2,0,0
57187,2,19,68,0,0,1,1,0,0
57304,2,19,61,0,0,1,1,0,0
57346,2,19,85,0,0,1,1,0,0
57711,2,19,40,0,0,3,1,0,0
57847,2,19,40,0,0,1,1,0,0
57885,2,19,25,0,0,2,2,0,0
57923,2,19,60,0,0,1,1,0,0
58211,2,19,47,0,0,2,1,0,0
58721,2,19,69,0,0,1,1,0,0
58824,2,19,56,0,0,1,2,0,0
58970,2,19,58,0,0,1,1,0,0
59231,2,19,72,0,0,1,1,0,0
59491,2,19,45,0,0,1,8,0,0
57126,1,20,34,0,0,2,1,0,0
57180,1,20,44,0,0,2,1,0,0
57198,1,20,61,0,0,1,2,0,0
57200,1,20,41,0,0,1,2,0,0
57203,1,20,40,0,0,1,8,0,0
57293,1,20,69,0,0,1,1,0,0
57349,1,20,38,0,0,1,1,0,0
57433,1,20,67,0,0,1,1,0,0
57467,1,20,63,0,0,2,2,0,0
57483,1,20,44,0,0,2,1,0,0
57486,1,20,55,0,0,1,3,0,0
57503,1,20,36,0,0,1,1,0,0
57515,1,20,32,0,0,1,1,0,0
57762,1,20,39,0,0,2,2,0,0
57833,1,20,40,0,0,2,2,0,0
57933,1,20,52,0,0,1,1,0,0
57953,1,20,60,0,0,1,3,0,0
58094,1,20,60,0,0,1,2,0,0
58300,1,20,53,0,0,1,1,0,0
58351,1,20,78,0,0,2,1,0,0
58384,1,20,40,0,0,2,2,0,0
58653,1,20,50,0,0,1,1,0,0
58791,1,20,34,0,0,1,8,0,0
58810,1,20,74,0,0,1,1,0,0
59197,1,20,45,0,0,2,1,0,0
59306,1,20,66,0,0,2,3,0,0
59588,1,20,82,0,0,1,1,0,0
57136,2,20,39,0,0,1,1,0,0
57197,2,20,30,0,0,1,1,0,0
57274,2,20,50,0,0,1,2,0,0
57319,2,20,55,0,0,1,1,0,0
57373,2,20,30,0,0,2,1,0,0
57411,2,20,42,0,0,2,1,0,0
57465,2,20,63,0,0,1,1,0,0
57470,2,20,60,0,0,1,1,0,0
57576,2,20,34,0,0,8,1,0,0
57593,2,20,43,0,0,1,1,0,0
57642,2,20,72,0,0,1,1,0,0
57809,2,20,48,0,0,2,2,0,0
57848,2,20,60,0,0,1,2,0,0
57981,2,20,38,0,0,2,2,0,0
58400,2,20,37,0,0,1,1,0,0
58467,2,20,64,0,0,1,8,0,0
58521,2,20,41,0,0,1,2,0,0
58765,2,20,41,0,0,1,8,0,0
59270,2,20,34,0,0,3,1,0,0
58996,2,98,66,0,0,2,2,0,0
58649,1,0,41,1,1,1,1,1,1
58007,2,0,78,1,1,2,3,1,3
58356,2,1,34,1,1,2,2,2,1
57246,2,3,56,1,1,2,1,2,1
58427,1,5,38,1,2,2,1,1,2
59067,1,5,64,1,1,1,1,1,1
57446,1,6,39,1,2,2,2,2,2
57633,1,6,55,1,1,2,2,1,1
57913,1,6,50,1,2,3,2,1,1
58127,1,6,59,1,3,2,2,1,1
57141,2,6,55,1,2,3,3,1,1
57399,2,6,36,1,2,2,1,8,1
57595,2,6,41,1,2,2,2,1,2
57917,2,6,62,1,2,2,1,1,1
59073,2,6,78,1,3,8,8,8,1
57767,1,7,58,1,2,1,2,1,1
59265,1,7,38,1,3,1,1,1,3
57973,1,8,27,1,2,1,2,2,2
59063,1,8,73,1,3,3,3,2,2
59223,1,8,58,1,2,1,2,1,1
57155,2,8,24,1,1,3,1,1,1
57887,2,8,52,1,3,1,2,1,1
58774,2,8,38,1,8,2,1,1,2
59145,2,8,38,1,8,8,8,1,8
59180,2,8,66,1,3,3,2,1,3
59405,2,8,67,1,1,1,1,1,1
57735,1,9,40,1,1,3,3,1,1
58510,1,9,31,1,3,1,2,3,1
58565,1,9,57,1,3,3,2,1,1
58601,1,9,59,1,3,1,1,1,1
59021,1,9,56,1,3,1,3,1,3
59272,1,9,53,1,3,2,2,1,1
58912,2,9,20,1,1,2,2,1,1
59035,2,9,53,1,1,1,1,1,1
59126,2,9,70,1,2,2,2,2,2
59276,2,9,34,1,2,2,2,2,1
59402,2,9,38,1,3,3,3,1,3
57148,1,10,56,1,1,3,3,3,3
57222,1,10,54,1,3,3,3,1,1
57520,1,10,31,1,3,1,2,1,1
57526,1,10,55,1,3,3,2,2,2
57587,1,10,50,1,3,1,3,1,3
58157,1,10,67,1,3,1,2,2,2
58477,1,10,25,1,2,2,2,8,2
58671,1,10,30,1,2,2,2,1,1
58699,1,10,50,1,3,2,2,8,2
58897,1,10,60,1,2,1,2,1,1
58936,1,10,79,1,3,1,1,1,1
59365,1,10,73,1,8,1,1,2,1
59568,1,10,22,1,1,2,1,2,1
57100,2,10,69,1,3,1,2,2,2
57300,2,10,75,1,3,3,2,2,2
57380,2,10,31,1,1,1,2,2,2
57489,2,10,22,1,3,1,1,1,1
57617,2,10,43,1,2,2,1,1,1
57706,2,10,76,1,3,1,1,3,3
57773,2,10,59,1,3,1,1,1,1
58201,2,10,23,1,2,3,2,1,1
58217,2,10,33,1,1,2,2,1,2
58508,2,10,22,1,3,8,8,1,1
58550,2,10,33,1,3,1,2,2,2
58740,2,10,39,1,1,2,1,1,1
58918,2,10,49,1,1,3,1,1,1
59020,2,10,45,1,8,3,1,8,2
59079,2,10,19,1,1,1,3,1,1
59316,2,10,35,1,2,1,1,1,3
57073,1,11,56,1,3,1,1,3,3
57142,1,11,51,1,3,1,3,1,2
57161,1,11,62,1,1,1,1,1,1
57450,1,11,23,1,1,8,2,1,1
57525,1,11,23,1,3,2,8,1,1
57597,1,11,22,1,2,2,2,3,1
57725,1,11,79,1,3,1,1,1,1
57895,1,11,20,1,2,3,2,1,1
58047,1,11,85,1,2,2,2,1,1
58049,1,11,63,1,2,2,2,1,1
58075,1,11,53,1,3,2,2,2,1
58087,1,11,41,1,1,1,2,2,1
58560,1,11,41,1,3,3,8,1,1
58618,1,11,49,1,2,2,1,1,1
58761,1,11,51,1,3,1,1,1,1
58865,1,11,42,1,3,1,2,1,1
59032,1,11,44,1,2,1,2,1,1
59064,1,11,45,1,3,1,1,1,1
59183,1,11,24,1,1,3,2,1,1
57144,2,11,35,1,1,2,1,1,1
57258,2,11,78,1,1,2,1,2,2
57276,2,11,35,1,2,1,2,1,1
57325,2,11,59,1,3,1,2,1,1
57701,2,11,49,1,1,1,2,1,1
57808,2,11,79,1,3,1,2,2,2
57918,2,11,56,1,1,1,2,1,1
57942,2,11,58,1,3,2,2,1,1
58136,2,11,34,1,1,2,1,1,1
58245,2,11,20,1,3,3,3,1,2
58450,2,11,55,1,3,3,2,1,1
58506,2,11,56,1,3,1,1,1,3
58704,2,11,25,1,3,2,2,1,1
58738,2,11,48,1,3,2,2,1,1
59059,2,11,79,1,2,2,3,8,3
59277,2,11,56,1,3,1,2,2,3
59280,2,11,47,1,2,1,2,8,8
59312,2,11,42,1,1,1,2,1,1
59341,2,11,37,1,3,2,2,1,1
59362,2,11,53,1,3,1,1,1,3
59458,2,11,56,1,3,1,2,3,1
59501,2,11,70,1,2,2,2,2,2
59517,2,11,37,1,2,1,2,1,1
59567,2,11,54,1,2,2,2,1,8
57096,1,12,53,1,2,2,1,3,2
57140,1,12,43,1,1,1,1,8,8
57150,1,12,25,1,2,2,2,1,1
57173,1,12,26,1,3,2,2,1,2
57175,1,12,28,1,3,1,2,3,8
57219,1,12,46,1,3,1,1,2,3
57245,1,12,46,1,1,1,2,1,1
57282,1,12,29,1,1,2,2,1,1
57292,1,12,59,1,2,1,1,2,1
57302,1,12,19,1,2,2,2,1,2
57363,1,12,26,1,1,1,3,1,1
57377,1,12,25,1,1,1,1,1,1
57381,1,12,33,1,1,2,2,1,2
57409,1,12,36,1,3,2,1,1,1
57415,1,12,65,1,1,2,1,1,1
57423,1,12,40,1,1,1,1,1,1
57447,1,12,33,1,2,2,1,1,1
57453,1,12,55,1,2,1,1,1,1
57475,1,12,49,1,3,2,2,1,2
57558,1,12,66,1,2,1,1,1,1
57585,1,12,63,1,2,1,1,1,1
57590,1,12,60,1,2,1,2,2,2
57606,1,12,33,1,3,1,1,1,1
57620,1,12,36,1,3,1,2,1,1
57643,1,12,70,1,1,1,2,1,1
57647,1,12,47,1,1,3,3,1,1
57680,1,12,26,1,3,2,2,1,1
57715,1,12,51,1,3,1,1,1,1
57745,1,12,57,1,3,1,1,1,1
57746,1,12,60,1,1,2,2,1,1
57828,1,12,75,1,2,1,2,1,1
57872,1,12,64,1,1,1,1,2,1
57874,1,12,63,1,2,1,1,1,3
57880,1,12,25,1,2,3,2,1,1
57893,1,12,25,1,3,1,1,2,1
57911,1,12,52,1,2,1,2,1,1
57955,1,12,52,1,3,2,2,1,2
57966,1,12,34,1,3,1,1,2,2
57971,1,12,24,1,2,2,1,2,1
57993,1,12,56,1,3,1,2,2,2
58002,1,12,24,1,1,2,2,1,1
58016,1,12,43,1,3,1,2,3,2
58067,1,12,58,1,1,3,2,1,1
58068,1,12,56,1,3,1,2,1,1
58074,1,12,25,1,2,2,1,2,1
58086,1,12,73,1,3,2,2,2,2
58147,1,12,21,1,2,2,2,1,1
58158,1,12,19,1,2,2,1,1,2
58197,1,12,80,1,8,1,2,1,1
58222,1,12,47,1,1,2,1,1,1
58235,1,12,76,1,3,1,1,1,2
58287,1,12,32,1,1,2,2,1,1
58288,1,12,36,1,1,2,2,1,2
58310,1,12,45,1,1,2,2,1,1
58316,1,12,50,1,2,1,3,2,2
58319,1,12,61,1,1,1,1,1,1
58338,1,12,25,1,1,2,2,1,1
58355,1,12,75,1,3,1,2,2,2
58426,1,12,49,1,2,1,2,1,1
58445,1,12,57,1,3,1,1,2,1
58458,1,12,27,1,3,1,2,1,2
58503,1,12,20,1,2,2,2,2,1
58518,1,12,39,1,3,1,3,2,2
58551,1,12,51,1,3,1,2,1,2
58578,1,12,21,1,2,2,2,1,1
58622,1,12,39,1,1,1,3,1,1
58624,1,12,86,1,8,8,2,3,8
58639,1,12,19,1,3,3,3,1,2
58676,1,12,56,1,2,1,2,1,1
58678,1,12,50,1,3,1,1,1,1
58696,1,12,54,1,3,2,2,2,3
58705,1,12,58,1,3,1,1,1,1
58753,1,12,56,1,3,1,1,1,1
58756,1,12,53,1,2,1,1,1,2
58780,1,12,47,1,2,2,2,1,2
58804,1,12,54,1,3,1,2,1,3
58898,1,12,37,1,1,1,2,1,2
58905,1,12,39,1,3,2,2,1,1
58969,1,12,30,1,1,3,2,1,3
58982,1,12,64,1,3,2,8,1,1
58987,1,12,75,1,1,1,1,1,1
58999,1,12,56,1,3,1,2,1,1
59000,1,12,56,1,2,2,2,1,1
59013,1,12,68,1,3,1,1,3,2
59027,1,12,56,1,2,2,2,1,1
59028,1,12,58,1,3,1,2,2,2
59042,1,12,59,1,2,2,2,2,2
59080,1,12,39,1,2,2,2,1,1
59159,1,12,43,1,3,2,3,1,1
59228,1,12,74,1,3,1,2,2,3
59256,1,12,21,1,3,3,3,1,1
59258,1,12,71,1,2,1,2,1,2
59271,1,12,60,1,3,1,2,1,1
59282,1,12,33,1,3,1,3,1,2
59298,1,12,58,1,1,1,1,1,1
59318,1,12,43,1,3,1,2,1,1
59319,1,12,25,1,3,1,1,2,1
59337,1,12,30,1,3,2,2,1,2
59343,1,12,51,1,3,1,2,3,1
59374,1,12,33,1,3,1,1,3,2
59406,1,12,65,1,2,1,1,1,1
59426,1,12,48,1,3,1,3,1,3
59456,1,12,20,1,3,3,1,1,3
59483,1,12,39,1,3,1,3,2,2
59528,1,12,64,1,2,1,1,1,2
59537,1,12,64,1,2,2,2,1,2
59561,1,12,53,1,3,1,1,2,3
59571,1,12,46,1,2,1,2,1,1
57097,2,12,37,1,2,2,2,2,1
57107,2,12,43,1,2,2,2,1,1
57239,2,12,20,1,2,2,2,1,1
57244,2,12,26,1,3,3,1,1,2
57253,2,12,35,1,2,2,2,1,1
57310,2,12,41,1,2,2,2,2,1
57327,2,12,58,1,2,2,2,2,2
57348,2,12,26,1,3,1,1,1,1
57353,2,12,57,1,3,2,2,1,1
57354,2,12,87,1,2,1,1,1,2
57390,2,12,19,1,1,2,2,1,2
57391,2,12,39,1,2,1,2,2,1
57408,2,12,69,1,2,1,2,3,3
57419,2,12,35,1,8,2,1,1,1
57422,2,12,57,1,3,1,1,3,1
57445,2,12,33,1,1,2,2,2,2
57492,2,12,42,1,2,1,1,2,2
57517,2,12,29,1,2,2,1,1,1
57527,2,12,74,1,2,2,1,1,1
57627,2,12,77,1,2,2,1,2,2
57634,2,12,55,1,3,3,3,1,1
57657,2,12,18,1,3,2,1,3,2
57668,2,12,81,1,1,1,1,1,2
57687,2,12,70,1,3,2,2,1,2
57710,2,12,46,1,2,1,2,2,1
57779,2,12,27,1,2,1,1,1,2
57798,2,12,62,1,1,1,2,1,1
57799,2,12,26,1,3,1,2,1,1
57801,2,12,64,1,2,1,1,1,1
57804,2,12,28,1,1,3,3,1,1
57864,2,12,58,1,2,1,2,1,2
57866,2,12,57,1,2,1,3,1,1
57881,2,12,55,1,2,1,1,1,1
57934,2,12,41,1,3,2,3,2,2
57951,2,12,60,1,1,3,2,3,1
57965,2,12,34,1,2,1,1,1,1
58022,2,12,29,1,3,2,2,3,1
58071,2,12,66,1,3,2,2,2,2
58073,2,12,29,1,2,2,1,1,1
58081,2,12,40,1,1,3,2,1,3
58084,2,12,50,1,1,1,1,2,2
58100,2,12,58,1,2,1,1,3,3
58103,2,12,66,1,2,2,2,8,1
58130,2,12,47,1,1,3,3,1,1
58231,2,12,53,1,1,3,3,1,1
58240,2,12,49,1,3,1,2,8,2
58252,2,12,67,1,3,1,8,1,1
58259,2,12,55,1,3,1,8,8,8
58266,2,12,41,1,1,2,2,1,1
58269,2,12,43,1,3,2,1,1,1
58285,2,12,36,1,2,2,2,1,2
58306,2,12,43,1,2,1,1,2,1
58308,2,12,50,1,3,2,2,1,1
58325,2,12,53,1,2,2,2,1,2
58341,2,12,21,1,1,3,3,1,1
58344,2,12,66,1,3,2,1,1,2
58345,2,12,37,1,3,2,2,1,1
58405,2,12,41,1,3,2,2,1,1
58418,2,12,33,1,3,2,2,2,2
58484,2,12,28,1,8,8,2,8,8
58497,2,12,35,1,3,1,1,1,1
58511,2,12,70,1,2,1,1,1,2
58526,2,12,51,1,3,1,1,1,1
58536,2,12,19,1,2,2,2,1,1
58542,2,12,43,1,3,1,2,1,1
58568,2,12,52,1,1,1,2,1,1
58579,2,12,83,1,1,2,8,1,3
58603,2,12,64,1,1,1,2,1,1
58608,2,12,46,1,3,1,1,1,1
58625,2,12,77,1,1,1,1,1,1
58626,2,12,49,1,3,2,2,1,2
58627,2,12,67,1,3,2,3,2,3
58629,2,12,60,1,3,2,2,1,2
58641,2,12,57,1,3,1,1,8,1
58645,2,12,52,1,3,1,2,2,1
58655,2,12,78,1,3,1,2,2,1
58663,2,12,59,1,3,1,2,1,1
58707,2,12,41,1,3,2,1,1,1
58728,2,12,79,1,1,1,2,1,2
58745,2,12,47,1,1,1,1,1,1
58766,2,12,20,1,2,2,1,1,1
58781,2,12,22,1,1,2,8,1,3
58806,2,12,76,1,2,1,1,1,2
58817,2,12,58,1,2,1,3,1,1
58840,2,12,78,1,3,1,2,1,1
58867,2,12,35,1,2,2,2,1,1
58880,2,12,33,1,3,2,2,1,1
58937,2,12,41,1,3,1,2,1,1
58959,2,12,80,1,1,1,1,1,1
58960,2,12,51,1,3,2,8,1,2
58966,2,12,58,1,3,1,1,1,1
58967,2,12,82,1,3,1,2,3,2
58972,2,12,80,1,1,1,1,1,1
58989,2,12,44,1,3,2,2,1,1
59029,2,12,38,1,1,2,2,2,1
59088,2,12,30,1,2,2,3,1,1
59089,2,12,59,1,3,3,2,1,3
59164,2,12,70,1,3,3,2,1,1
59217,2,12,29,1,3,1,2,3,2
59229,2,12,68,1,3,3,8,1,2
59315,2,12,55,1,2,1,3,3,1
59336,2,12,50,1,1,1,2,3,2
59361,2,12,70,1,3,1,2,1,1
59367,2,12,32,1,3,1,8,1,1
59380,2,12,43,1,3,1,2,3,2
59384,2,12,25,1,3,1,3,1,2
59407,2,12,85,1,2,1,8,2,1
59409,2,12,19,1,3,2,2,1,1
59411,2,12,74,1,3,1,2,1,2
59441,2,12,26,1,2,2,2,1,2
59445,2,12,27,1,3,1,2,1,2
59474,2,12,51,1,3,1,8,1,1
59479,2,12,27,1,3,3,2,1,1
59505,2,12,56,1,3,1,2,1,2
59507,2,12,34,1,1,2,2,1,2
59512,2,12,52,1,3,1,2,1,2
59521,2,12,66,1,3,2,3,1,2
59534,2,12,71,1,3,1,1,2,2
59542,2,12,48,1,2,1,8,1,1
59555,2,12,56,1,2,1,2,3,2
59562,2,12,79,1,3,1,2,2,2
59583,2,12,49,1,3,1,2,1,2
57192,1,13,47,1,3,2,2,1,2
57215,1,13,23,1,1,2,1,2,1
57481,1,13,32,1,2,3,2,1,1
57579,1,13,32,1,2,3,1,1,1
57783,1,13,32,1,2,2,2,1,1
57856,1,13,63,1,1,1,1,1,1
57997,1,13,63,1,3,1,2,1,1
58054,1,13,42,1,1,1,2,1,1
58202,1,13,71,1,3,1,2,2,1
58256,1,13,66,1,2,1,1,1,1
58616,1,13,52,1,3,2,1,1,1
58746,1,13,21,1,3,2,2,1,1
58767,1,13,59,1,3,2,2,1,1
58844,1,13,51,1,3,1,2,1,1
58873,1,13,88,1,1,1,1,1,1
58925,1,13,89,1,1,1,1,1,1
59007,1,13,23,1,3,3,3,3,1
59043,1,13,54,1,2,1,2,1,1
59057,1,13,33,1,8,2,8,1,1
59076,1,13,18,1,2,2,1,2,1
59174,1,13,37,1,2,2,2,2,2
59187,1,13,57,1,1,2,2,2,1
59252,1,13,53,1,2,1,1,1,2
59330,1,13,56,1,3,1,1,2,2
59373,1,13,22,1,3,2,1,3,1
59397,1,13,31,1,3,2,8,3,1
59401,1,13,38,1,1,2,1,1,1
59457,1,13,35,1,3,1,2,1,2
57162,2,13,43,1,2,3,3,2,2
57256,2,13,36,1,1,1,1,1,1
57305,2,13,45,1,3,3,2,2,2
57321,2,13,31,1,3,2,2,3,1
57322,2,13,30,1,3,1,2,1,2
57328,2,13,40,1,1,1,1,1,1
57575,2,13,34,1,2,1,2,1,1
57646,2,13,70,1,3,1,1,1,3
57737,2,13,32,1,2,1,2,1,1
57862,2,13,51,1,3,2,1,1,1
57945,2,13,53,1,3,1,1,1,2
57963,2,13,26,1,2,2,2,1,1
57972,2,13,65,1,3,3,3,3,3
58057,2,13,84,1,3,1,1,1,2
58063,2,13,23,1,2,3,2,1,2
58102,2,13,57,1,3,1,2,1,1
58142,2,13,35,1,2,2,2,2,2
58167,2,13,66,1,3,1,2,1,1
58170,2,13,33,1,2,2,2,1,1
58186,2,13,19,1,1,3,1,3,1
58206,2,13,49,1,3,1,3,1,1
58215,2,13,34,1,2,1,1,2,2
58261,2,13,39,1,1,1,2,1,1
58343,2,13,51,1,3,3,1,3,1
58449,2,13,56,1,2,2,2,1,1
58567,2,13,46,1,2,2,2,1,1
58570,2,13,27,1,3,2,2,1,1
58586,2,13,20,1,3,3,3,1,2
58687,2,13,46,1,1,3,8,1,1
58693,2,13,56,1,3,2,2,2,1
58702,2,13,46,1,3,3,2,1,1
58709,2,13,32,1,1,3,2,8,1
58727,2,13,53,1,1,8,1,1,2
58759,2,13,47,1,3,1,2,3,1
58884,2,13,64,1,3,1,2,2,2
59036,2,13,28,1,2,3,2,1,1
59196,2,13,64,1,2,1,1,1,1
59274,2,13,25,1,2,2,2,2,2
59304,2,13,42,1,1,1,1,1,1
59347,2,13,58,1,2,2,2,1,2
59515,2,13,26,1,1,1,2,2,3
59545,2,13,56,1,3,1,2,1,1
57085,1,14,38,1,1,3,1,1,1
57105,1,14,26,1,1,8,3,1,1
57132,1,14,51,1,1,3,2,1,1
57218,1,14,48,1,2,1,1,1,2
57320,1,14,43,1,1,3,3,1,1
57351,1,14,20,1,3,1,2,3,1
57584,1,14,50,1,2,2,2,1,1
57635,1,14,54,1,3,1,2,1,2
57649,1,14,33,1,1,3,2,2,1
57766,1,14,48,1,3,1,3,1,3
57818,1,14,78,1,1,8,1,2,2
57979,1,14,38,1,2,2,1,1,1
58011,1,14,41,1,8,1,2,2,1
58091,1,14,55,1,1,2,2,1,1
58107,1,14,63,1,3,1,1,1,2
58175,1,14,41,1,2,2,1,2,1
58187,1,14,47,1,2,1,3,2,3
58205,1,14,38,1,2,1,2,1,1
58223,1,14,52,1,2,1,1,1,1
58226,1,14,20,1,1,2,2,1,1
58236,1,14,30,1,3,3,2,1,1
58286,1,14,43,1,1,2,8,1,1
58375,1,14,50,1,2,2,2,2,1
58382,1,14,62,1,3,1,1,2,2
58401,1,14,54,1,2,1,1,2,1
58402,1,14,29,1,2,1,1,1,1
58520,1,14,28,1,1,2,1,1,1
58584,1,14,26,1,1,2,2,1,1
58609,1,14,57,1,3,1,1,1,1
58680,1,14,25,1,3,2,1,2,2
58803,1,14,63,1,3,1,1,3,2
58818,1,14,41,1,2,1,1,3,1
58822,1,14,52,1,3,1,1,3,1
58847,1,14,51,1,3,2,1,3,2
58851,1,14,67,1,3,3,2,2,3
58868,1,14,40,1,2,1,2,1,1
58955,1,14,32,1,2,2,1,1,1
59012,1,14,33,1,3,1,2,1,1
59056,1,14,79,1,3,1,1,1,1
59069,1,14,53,1,2,1,1,2,2
59100,1,14,53,1,2,2,1,1,1
59102,1,14,78,1,3,1,3,3,1
59104,1,14,60,1,2,1,1,1,1
59107,1,14,21,1,2,2,2,1,1
59111,1,14,32,1,3,2,2,2,2
59146,1,14,61,1,3,8,1,1,1
59179,1,14,33,1,2,2,1,1,1
59251,1,14,70,1,2,3,2,1,1
59279,1,14,30,1,1,2,1,1,1
59299,1,14,47,1,3,1,1,1,1
59324,1,14,49,1,3,1,1,3,3
59453,1,14,49,1,3,1,2,1,1
59536,1,14,53,1,2,1,2,1,1
59581,1,14,30,1,3,1,2,1,1
57082,2,14,30,1,1,1,2,1,3
57151,2,14,48,1,8,2,2,1,1
57221,2,14,86,1,2,2,2,1,2
57223,2,14,45,1,1,2,1,1,1
57260,2,14,20,1,3,2,2,2,1
57283,2,14,61,1,3,3,2,1,2
57341,2,14,50,1,1,1,3,1,1
57454,2,14,22,1,3,1,2,1,1
57464,2,14,52,1,3,1,1,1,1
57534,2,14,28,1,1,1,2,1,2
57557,2,14,21,1,1,2,2,2,1
57578,2,14,68,1,2,2,2,1,2
57586,2,14,45,1,3,2,2,1,2
57632,2,14,65,1,3,1,1,1,2
57691,2,14,62,1,3,2,2,3,1
57692,2,14,21,1,3,1,1,1,1
57717,2,14,79,1,2,2,1,1,2
57718,2,14,31,1,2,3,2,1,1
57765,2,14,40,1,1,3,3,1,1
57812,2,14,43,1,2,2,1,3,2
57845,2,14,30,1,3,2,2,3,2
57876,2,14,30,1,3,1,1,1,1
57901,2,14,44,1,3,2,1,1,1
57907,2,14,39,1,3,2,1,1,3
57943,2,14,23,1,3,3,1,1,1
58001,2,14,22,1,8,2,1,2,1
58017,2,14,59,1,1,2,2,3,1
58041,2,14,56,1,1,1,1,1,1
58076,2,14,59,1,2,2,1,1,1
58079,2,14,51,1,3,2,2,2,1
58114,2,14,47,1,1,2,1,1,1
58129,2,14,59,1,3,3,1,1,1
58148,2,14,59,1,3,3,3,1,1
58196,2,14,43,1,3,1,2,1,1
58234,2,14,30,1,3,2,1,1,1
58317,2,14,50,1,3,8,8,8,8
58378,2,14,35,1,3,2,2,1,2
58403,2,14,43,1,2,8,8,1,1
58473,2,14,60,1,2,2,1,1,1
58559,2,14,60,1,3,2,1,3,1
58623,2,14,58,1,3,1,3,2,2
58665,2,14,31,1,3,2,1,1,1
58675,2,14,52,1,3,1,2,3,1
58710,2,14,54,1,2,2,2,1,1
58723,2,14,80,1,3,1,8,1,2
58735,2,14,29,1,3,3,3,1,1
58772,2,14,57,1,3,1,1,1,1
58836,2,14,31,1,2,1,2,1,1
58906,2,14,21,1,3,3,2,3,2
58927,2,14,31,1,3,1,2,1,1
58988,2,14,45,1,2,2,3,1,1
59022,2,14,27,1,3,2,2,2,1
59135,2,14,53,1,3,2,2,3,2
59204,2,14,51,1,3,2,1,2,3
59209,2,14,70,1,3,2,2,3,3
59260,2,14,49,1,1,1,1,1,2
59307,2,14,47,1,3,2,8,1,2
59351,2,14,48,1,1,8,8,1,1
59418,2,14,37,1,1,1,1,1,1
59455,2,14,40,1,3,2,8,1,1
59469,2,14,58,1,3,2,2,1,2
59499,2,14,42,1,2,1,1,1,1
59526,2,14,40,1,2,2,3,1,1
59553,2,14,25,1,3,2,2,1,1
59554,2,14,55,1,3,8,8,1,2
59569,2,14,41,1,3,1,2,1,1
57238,1,15,59,1,3,1,1,3,1
57392,1,15,66,1,2,1,1,1,1
57418,1,15,63,1,1,1,3,3,1
57488,1,15,52,1,3,1,1,3,1
57624,1,15,79,1,3,1,2,2,1
57932,1,15,53,1,1,1,1,1,1
58020,1,15,25,1,3,2,1,1,1
58066,1,15,29,1,1,1,1,1,1
58160,1,15,36,1,3,1,2,2,3
58312,1,15,26,1,2,3,1,2,1
58478,1,15,37,1,1,8,8,1,1
58662,1,15,84,1,3,2,2,3,2
59014,1,15,44,1,2,1,1,1,1
59106,1,15,48,1,2,1,1,1,1
59119,1,15,31,1,2,1,1,1,1
59168,1,15,27,1,2,2,1,2,2
59224,1,15,79,1,3,1,2,2,2
59236,1,15,23,1,1,1,1,1,1
59438,1,15,24,1,2,2,1,1,2
57110,2,15,32,1,1,2,2,2,1
57188,2,15,89,1,1,1,3,2,2
57297,2,15,23,1,1,1,1,1,1
57428,2,15,58,1,3,1,2,1,1
57531,2,15,55,1,3,1,1,3,1
57573,2,15,51,1,2,2,2,1,1
57608,2,15,37,1,8,1,1,1,1
57661,2,15,62,1,3,1,1,1,1
57771,2,15,30,1,3,2,1,3,1
57910,2,15,56,1,2,1,2,3,2
57912,2,15,28,1,3,1,1,3,1
57989,2,15,79,1,8,1,1,8,1
58000,2,15,62,1,3,2,1,3,3
58034,2,15,62,1,1,1,1,1,2
58163,2,15,33,1,3,3,1,1,1
58224,2,15,22,1,1,1,2,1,1
58326,2,15,54,1,2,2,2,2,2
58489,2,15,71,1,2,1,1,2,1
58611,2,15,37,1,1,3,2,1,1
58619,2,15,57,1,2,1,1,1,1
58637,2,15,38,1,8,1,8,1,1
58815,2,15,58,1,3,2,1,1,3
58852,2,15,66,1,3,1,1,1,1
58866,2,15,45,1,1,2,2,1,1
58952,2,15,30,1,2,2,2,1,1
58998,2,15,65,1,3,2,1,1,2
59054,2,15,30,1,3,2,2,1,1
59094,2,15,35,1,3,2,2,1,2
59109,2,15,25,1,3,2,2,3,2
59170,2,15,41,1,3,1,3,3,2
59242,2,15,34,1,3,2,2,1,1
59289,2,15,41,1,3,1,2,1,1
59352,2,15,33,1,3,2,1,3,1
59358,2,15,39,1,3,1,8,1,3
59389,2,15,39,1,3,2,1,3,2
59419,2,15,42,1,1,2,2,1,1
59434,2,15,59,1,2,1,2,1,1
59593,2,15,33,1,3,2,2,1,1
57101,1,16,35,1,3,2,2,1,1
57113,1,16,42,1,1,1,2,1,1
57135,1,16,27,1,2,1,2,1,1
57138,1,16,54,1,2,1,2,2,1
57167,1,16,41,1,3,2,2,3,1
57168,1,16,81,1,3,1,2,2,1
57171,1,16,45,1,3,1,2,2,1
57172,1,16,23,1,1,1,2,1,2
57179,1,16,30,1,2,2,2,1,1
57199,1,16,63,1,2,1,1,1,1
57252,1,16,37,1,2,3,1,1,1
57266,1,16,46,1,1,2,2,1,1
57284,1,16,56,1,1,1,2,1,2
57367,1,16,65,1,1,1,1,1,1
57405,1,16,74,1,1,2,1,1,1
57432,1,16,43,1,3,1,2,1,1
57437,1,16,63,1,2,1,1,1,1
57440,1,16,49,1,3,1,1,3,1
57466,1,16,70,1,1,1,1,1,1
57491,1,16,25,1,3,1,2,1,1
57500,1,16,24,1,2,1,1,1,1
57512,1,16,66,1,1,1,1,1,1
57516,1,16,28,1,2,1,1,2,1
57532,1,16,28,1,2,1,2,2,1
57550,1,16,38,1,1,1,1,1,2
57553,1,16,25,1,1,1,1,1,1
57563,1,16,68,1,2,2,3,1,2
57566,1,16,63,1,1,1,1,1,1
57600,1,16,29,1,2,2,1,3,1
57609,1,16,70,1,2,1,1,1,1
57665,1,16,66,1,1,1,1,1,1
57775,1,16,61,1,3,1,1,1,1
57792,1,16,53,1,3,1,1,2,2
57902,1,16,54,1,8,1,8,1,1
57985,1,16,51,1,3,1,2,1,1
57996,1,16,32,1,2,2,1,3,2
58009,1,16,64,1,2,1,1,1,1
58021,1,16,60,1,2,1,2,3,2
58023,1,16,30,1,2,1,2,2,1
58026,1,16,29,1,3,1,1,2,1
58108,1,16,26,1,2,2,2,1,1
58178,1,16,44,1,2,2,1,2,2
58227,1,16,76,1,2,1,1,1,2
58253,1,16,29,1,2,2,2,3,2
58291,1,16,22,1,8,2,8,2,1
58297,1,16,50,1,2,2,1,1,1
58359,1,16,79,1,2,1,2,2,1
58362,1,16,71,1,3,1,2,1,1
58387,1,16,63,1,2,1,1,1,2
58446,1,16,26,1,2,2,2,2,1
58471,1,16,33,1,3,1,2,2,1
58480,1,16,39,1,2,2,1,2,1
58531,1,16,32,1,3,2,1,3,1
58598,1,16,45,1,8,1,1,1,1
58674,1,16,25,1,3,1,1,1,2
58793,1,16,40,1,3,1,2,2,1
58794,1,16,62,1,1,1,1,1,1
58834,1,16,35,1,3,1,2,2,1
58835,1,16,32,1,3,1,2,3,3
58863,1,16,54,1,3,1,1,1,1
58891,1,16,25,1,2,1,1,1,1
59010,1,16,28,1,2,2,2,1,2
59092,1,16,30,1,3,1,2,1,1
59169,1,16,62,1,1,1,1,1,1
59219,1,16,24,1,3,2,2,1,1
59248,1,16,27,1,3,2,1,2,1
59250,1,16,37,1,1,2,1,1,1
59292,1,16,28,1,3,2,2,3,3
59302,1,16,27,1,3,2,1,3,2
59321,1,16,62,1,2,2,2,1,3
59332,1,16,62,1,2,1,1,2,1
59353,1,16,51,1,2,2,2,1,1
59382,1,16,32,1,3,2,1,3,1
59425,1,16,54,1,3,2,2,2,1
59584,1,16,54,1,8,1,1,1,1
57063,2,16,26,1,1,1,1,3,2
57076,2,16,25,1,3,2,2,1,1
57093,2,16,61,1,3,2,2,1,1
57094,2,16,54,1,1,1,1,1,1
57106,2,16,50,1,3,1,2,2,1
57121,2,16,43,1,3,2,2,2,1
57169,2,16,74,1,3,2,2,1,1
57176,2,16,60,1,3,2,2,1,1
57178,2,16,38,1,2,2,2,1,1
57184,2,16,56,1,1,2,1,1,1
57185,2,16,79,1,3,1,1,1,1
57232,2,16,59,1,1,2,1,1,1
57241,2,16,71,1,1,3,2,2,1
57286,2,16,24,1,2,2,2,1,1
57295,2,16,41,1,2,1,1,1,1
57296,2,16,59,1,2,1,1,2,1
57308,2,16,75,1,3,2,2,3,1
57362,2,16,54,1,2,1,1,2,1
57366,2,16,43,1,8,8,2,1,2
57425,2,16,30,1,3,1,2,2,1
57429,2,16,24,1,2,1,1,1,1
57457,2,16,58,1,1,1,2,1,2
57468,2,16,31,1,3,1,2,1,2
57471,2,16,34,1,2,2,1,1,1
57499,2,16,25,1,1,1,1,1,1
57547,2,16,60,1,2,1,2,1,1
57577,2,16,69,1,3,1,3,3,1
57621,2,16,49,1,3,2,1,1,2
57628,2,16,30,1,3,1,1,2,2
57637,2,16,53,1,1,2,1,2,2
57679,2,16,43,1,3,3,2,3,1
57703,2,16,42,1,2,1,2,1,1
57722,2,16,64,1,1,1,2,1,1
57781,2,16,29,1,1,1,1,1,1
57830,2,16,63,1,2,2,2,1,2
57948,2,16,22,1,3,2,2,1,2
57960,2,16,43,1,2,1,1,1,1
58004,2,16,51,1,3,2,8,1,1
58013,2,16,67,1,3,1,1,1,1
58032,2,16,49,1,3,1,1,1,1
58044,2,16,66,1,3,1,2,1,2
58096,2,16,57,1,2,1,1,1,1
58112,2,16,78,1,3,2,1,3,1
58119,2,16,54,1,3,1,1,2,1
58151,2,16,52,1,1,2,2,1,2
58164,2,16,30,1,3,3,2,1,1
58176,2,16,59,1,8,2,1,2,1
58181,2,16,32,1,3,2,2,1,1
58208,2,16,39,1,3,1,2,1,2
58218,2,16,39,1,3,1,2,2,2
58232,2,16,37,1,3,2,2,1,1
58279,2,16,56,1,2,2,8,1,2
58295,2,16,43,1,3,2,2,2,1
58314,2,16,62,1,1,2,2,1,2
58383,2,16,61,1,2,1,1,1,1
58388,2,16,62,1,2,2,2,1,1
58406,2,16,53,1,2,2,3,2,1
58410,2,16,42,1,3,2,2,2,2
58411,2,16,60,1,3,2,2,1,1
58436,2,16,35,1,3,2,1,1,2
58444,2,16,33,1,3,1,3,2,3
58487,2,16,33,1,8,1,2,1,2
58491,2,16,34,1,1,1,1,1,2
58496,2,16,67,1,3,1,8,1,1
58512,2,16,55,1,1,1,8,1,1
58538,2,16,37,1,3,1,8,1,2
58554,2,16,37,1,1,1,8,1,2
58580,2,16,47,1,3,1,1,1,3
58732,2,16,27,1,1,1,8,1,1
58734,2,16,50,1,8,1,8,1,2
58763,2,16,32,1,3,2,2,1,2
58893,2,16,74,1,3,1,2,2,1
58903,2,16,69,1,1,1,1,1,1
58907,2,16,54,1,2,1,2,1,1
58908,2,16,33,1,3,2,1,1,1
58926,2,16,54,1,2,2,2,2,1
59033,2,16,35,1,3,2,2,1,2
59108,2,16,77,1,1,1,1,1,1
59128,2,16,43,1,3,2,8,3,3
59192,2,16,57,1,1,3,3,2,1
59203,2,16,99,1,1,1,2,1,1
59234,2,16,36,1,3,2,1,1,1
59262,2,16,32,1,3,2,2,1,2
59328,2,16,41,1,3,8,8,2,1
59495,2,16,29,1,2,2,8,1,1
59586,2,16,53,1,1,3,1,1,1
57191,1,17,77,1,1,2,2,1,1
57508,1,17,65,1,2,2,1,2,2
57543,1,17,38,1,2,1,1,1,1
57683,1,17,67,1,2,1,2,2,2
57854,1,17,59,1,1,1,1,1,1
58365,1,17,81,1,1,1,1,1,1
58398,1,17,29,1,3,1,1,1,1
58516,1,17,45,1,8,1,8,1,1
58888,1,17,30,1,3,1,2,2,1
59006,1,17,52,1,8,1,8,8,8
57066,2,17,74,1,2,1,1,1,2
57092,2,17,99,1,3,1,3,1,1
57117,2,17,24,1,1,2,2,1,1
57207,2,17,38,1,3,2,3,1,2
57384,2,17,70,1,1,1,1,1,1
57406,2,17,45,1,3,1,1,8,8
57509,2,17,41,1,2,2,1,1,1
57651,2,17,40,1,3,3,1,1,2
57671,2,17,74,1,3,1,2,1,3
57967,2,17,38,1,1,3,2,1,1
58606,2,17,36,1,1,1,1,1,1
58792,2,17,67,1,3,2,1,1,2
58858,2,17,44,1,2,1,2,2,2
58974,2,17,30,1,3,2,1,1,1
58985,2,17,38,1,3,2,2,1,1
59077,2,17,37,1,3,1,2,1,2
59440,2,17,23,1,1,2,1,1,1
57329,1,18,78,1,1,2,1,2,2
57332,1,18,43,1,3,1,1,1,1
57404,1,18,50,1,2,1,1,2,1
57416,1,18,29,1,3,1,2,1,1
57567,1,18,66,1,2,1,1,1,1
57751,1,18,65,1,1,1,1,1,1
57786,1,18,40,1,3,2,2,1,1
57789,1,18,71,1,2,1,1,8,2
57896,1,18,99,1,1,1,1,1,1
57929,1,18,35,1,2,1,1,1,1
58014,1,18,40,1,3,1,1,2,2
58093,1,18,47,1,1,2,2,1,1
58254,1,18,30,1,3,2,1,2,2
58381,1,18,99,1,8,2,1,1,1
58596,1,18,30,1,3,2,1,2,1
58770,1,18,39,1,3,2,2,1,2
58790,1,18,60,1,2,1,1,2,1
58801,1,18,46,1,2,1,1,2,1
58976,1,18,55,1,3,2,2,2,3
59291,1,18,48,1,1,2,2,1,1
59360,1,18,76,1,2,1,2,1,1
59461,1,18,38,1,2,1,1,2,2
57087,2,18,28,1,8,3,1,1,2
57112,2,18,52,1,3,2,1,1,1
57119,2,18,44,1,3,1,2,3,1
57137,2,18,41,1,2,2,2,2,1
57183,2,18,61,1,3,1,2,1,1
57331,2,18,46,1,3,1,1,1,2
57549,2,18,54,1,3,2,1,1,1
57611,2,18,76,1,2,1,2,1,1
57802,2,18,38,1,2,2,1,1,1
57909,2,18,35,1,8,2,2,1,2
57924,2,18,29,1,1,2,1,1,1
58030,2,18,48,1,3,1,1,2,1
58097,2,18,48,1,8,2,2,2,8
58188,2,18,39,1,3,3,2,3,2
58302,2,18,62,1,2,2,1,1,1
58324,2,18,53,1,1,2,2,1,1
58432,2,18,55,1,1,2,2,1,1
58514,2,18,56,1,3,2,2,2,1
58562,2,18,45,1,3,2,8,2,2
58569,2,18,60,1,8,1,8,1,1
58593,2,18,99,1,1,2,1,2,1
58644,2,18,37,1,2,2,1,1,2
58650,2,18,56,1,1,1,1,1,1
58668,2,18,37,1,3,2,2,1,1
58800,2,18,43,1,3,2,1,1,1
58812,2,18,69,1,3,2,2,1,2
58861,2,18,67,1,2,2,3,3,1
58870,2,18,85,1,3,1,3,2,3
58904,2,18,43,1,1,1,1,1,1
58981,2,18,31,1,3,2,2,3,3
59097,2,18,78,1,2,2,2,1,2
59287,2,18,43,1,2,2,1,3,3
59385,2,18,45,1,3,1,1,1,1
59464,2,18,54,1,3,2,2,2,1
59582,2,18,48,1,3,1,1,3,8
57344,1,19,32,1,3,1,2,1,1
57382,1,19,27,1,2,2,2,1,1
57562,1,19,74,1,1,1,1,1,1
57832,1,19,31,1,2,2,2,1,1
58492,1,19,59,1,2,1,1,2,1
58513,1,19,32,1,1,2,2,1,1
58666,1,19,43,1,3,1,1,1,1
57368,2,19,34,1,2,2,2,2,1
57393,2,19,73,1,1,1,1,1,1
57805,2,19,73,1,8,2,2,2,1
57921,2,19,29,1,2,2,1,1,1
57974,2,19,51,1,1,2,2,1,1
58098,2,19,30,1,3,2,2,1,1
58368,2,19,31,1,2,8,2,1,2
58370,2,19,36,1,2,1,1,2,1
58490,2,19,58,1,1,1,1,1,1
58889,2,19,36,1,3,1,2,2,2
58995,2,19,26,1,3,2,8,8,1
59113,2,19,29,1,3,1,1,1,1
59538,2,19,72,1,1,1,1,1,1
59576,2,19,69,1,1,1,1,2,1
57170,1,20,42,1,3,1,1,1,2
57189,1,20,38,1,1,2,1,1,1
57444,1,20,57,1,3,2,2,1,1
57469,1,20,88,1,1,1,1,1,1
57507,1,20,59,1,2,1,1,2,1
57602,1,20,44,1,2,1,1,2,2
57850,1,20,35,1,3,2,1,1,1
58045,1,20,67,1,1,1,1,1,1
58304,1,20,29,1,3,1,2,2,1
58358,1,20,52,1,3,1,1,1,1
58453,1,20,45,1,2,1,2,2,2
58459,1,20,58,1,1,2,2,1,1
58826,1,20,53,1,1,1,1,1,1
58994,1,20,66,1,2,2,1,2,1
59239,1,20,37,1,2,2,1,1,1
59395,1,20,27,1,1,2,1,1,1
59396,1,20,43,1,3,2,2,1,2
59435,1,20,40,1,2,1,1,1,2
57124,2,20,47,1,2,2,2,1,1
57133,2,20,66,1,1,1,1,1,1
57213,2,20,84,1,2,1,1,1,1
57233,2,20,45,1,2,1,1,1,1
57459,2,20,36,1,1,1,2,1,1
57485,2,20,57,1,2,2,1,1,2
57510,2,20,60,1,2,2,1,2,1
57653,2,20,56,1,3,2,2,2,1
57748,2,20,47,1,3,1,2,1,2
57750,2,20,67,1,3,2,2,3,3
57794,2,20,58,1,1,1,1,1,1
57813,2,20,32,1,3,1,2,1,1
57944,2,20,51,1,3,3,2,2,1
58010,2,20,76,1,2,1,2,2,2
58080,2,20,66,1,1,3,1,1,1
58260,2,20,31,1,3,1,3,3,2
58361,2,20,24,1,2,1,2,2,1
58493,2,20,70,1,2,1,1,2,1
58712,2,20,52,1,2,1,1,2,1
58890,2,20,32,1,1,2,2,1,2
59131,2,20,34,1,3,2,2,3,2
59136,2,20,56,1,8,1,1,1,1
59207,2,20,27,1,2,1,1,1,1
59284,2,20,42,1,1,2,1,1,1
57977,1,0,22,2,2,2,8,2,2
59498,1,0,23,2,2,3,8,2,8
59532,2,0,35,2,2,2,2,2,2
58305,1,3,62,2,3,2,2,2,2
59266,2,3,88,2,2,2,2,1,2
59178,1,4,76,2,2,2,2,2,2
57072,2,5,43,2,2,2,2,2,2
57493,2,5,46,2,8,2,1,1,1
57778,2,6,27,2,2,2,1,2,2
58990,2,6,29,2,8,2,8,2,2
59039,2,6,65,2,3,3,2,2,3
59157,2,6,43,2,1,2,3,1,1
59186,2,6,41,2,3,2,2,2,2
58502,1,8,78,2,1,2,1,2,2
58750,1,8,62,2,3,2,2,2,2
59320,1,8,58,2,3,2,2,2,1
58284,2,8,33,2,1,1,1,2,2
58430,2,8,19,2,3,3,2,2,2
58523,2,8,79,2,3,3,1,2,1
58669,2,8,81,2,1,2,8,2,8
59410,2,8,45,2,3,3,2,2,1
57267,1,9,50,2,2,2,1,2,2
57278,1,9,56,2,3,3,8,2,1
58315,1,9,55,2,2,2,3,2,1
58525,1,9,46,2,3,2,2,2,2
58573,1,9,65,2,3,2,2,2,3
58589,1,9,28,2,3,1,2,2,2
59161,1,9,56,2,2,1,1,1,2
59071,2,9,31,2,2,3,2,1,2
59273,2,9,36,2,2,2,1,1,1
59475,2,9,57,2,2,2,2,1,1
59490,2,9,87,2,3,1,2,2,2
57356,1,10,31,2,3,1,2,1,2
57400,1,10,23,2,2,2,2,2,2
58535,1,10,75,2,3,2,3,1,2
59090,1,10,49,2,1,3,1,1,2
57324,2,10,25,2,3,2,2,2,1
57696,2,10,76,2,2,1,8,1,2
58327,2,10,62,2,2,3,2,1,2
58739,2,10,74,2,3,2,1,1,2
57636,1,11,75,2,2,1,2,1,1
58561,1,11,73,2,3,1,1,9,2
58941,1,11,19,2,2,2,2,1,3
59309,1,11,52,2,1,1,1,2,3
57075,2,11,40,2,3,1,2,2,2
57084,2,11,42,2,2,3,1,2,2
58229,2,11,42,2,2,2,2,1,2
58265,2,11,72,2,1,1,1,1,1
58670,2,11,70,2,2,2,2,2,1
59023,2,11,34,2,3,1,1,1,2
59195,2,11,55,2,8,2,2,1,2
59244,2,11,45,2,1,3,2,1,1
59345,2,11,70,2,2,1,2,2,2
59552,2,11,83,2,3,3,2,2,2
57208,1,12,37,2,3,3,2,3,1
57248,1,12,62,2,2,1,2,1,1
57290,1,12,43,2,2,2,8,2,2
57298,1,12,19,2,2,3,2,1,1
57603,1,12,61,2,3,2,2,1,2
57666,1,12,30,2,3,2,2,3,2
57729,1,12,19,2,2,2,1,1,1
57883,1,12,73,2,3,1,3,2,8
58003,1,12,23,2,2,2,1,2,2
58005,1,12,42,2,3,2,2,1,2
58125,1,12,68,2,3,2,2,2,2
58159,1,12,65,2,2,2,2,2,3
58278,1,12,26,2,1,2,2,1,1
58333,1,12,67,2,3,2,2,2,1
58342,1,12,49,2,1,3,2,2,8
58395,1,12,20,2,2,3,2,2,1
58415,1,12,49,2,3,2,3,2,3
58440,1,12,58,2,3,1,2,1,1
58574,1,12,68,2,3,2,2,3,2
58600,1,12,63,2,2,2,2,1,2
58762,1,12,47,2,3,1,2,1,2
58808,1,12,41,2,2,2,2,2,2
58823,1,12,52,2,3,2,2,2,2
58831,1,12,71,2,1,1,2,1,3
58869,1,12,50,2,2,2,2,1,1
58876,1,12,33,2,3,2,1,1,1
58938,1,12,64,2,3,1,1,2,2
58939,1,12,61,2,3,2,1,2,2
58951,1,12,42,2,3,1,2,3,2
58991,1,12,79,2,3,1,8,1,2
59123,1,12,21,2,1,1,2,3,1
59243,1,12,27,2,3,2,2,1,1
59259,1,12,65,2,1,2,1,3,1
59331,1,12,62,2,3,1,3,1,2
59333,1,12,63,2,2,1,2,1,2
59430,1,12,32,2,3,1,1,3,2
59454,1,12,28,2,3,1,2,1,1
59527,1,12,56,2,8,2,2,2,2
59591,1,12,62,2,3,1,2,2,2
57083,2,12,36,2,1,2,1,2,2
57115,2,12,81,2,3,2,2,8,2
57474,2,12,77,2,8,2,2,8,2
57494,2,12,89,2,1,2,2,1,1
57554,2,12,34,2,3,2,1,1,2
57662,2,12,70,2,1,3,2,1,1
57738,2,12,47,2,2,3,2,2,2
57814,2,12,25,2,2,3,2,1,1
57822,2,12,50,2,8,2,8,1,2
57826,2,12,53,2,2,1,1,1,1
57837,2,12,89,2,1,2,1,1,1
57849,2,12,40,2,1,3,2,1,3
57855,2,12,30,2,2,3,1,1,1
58128,2,12,77,2,1,1,2,1,2
58149,2,12,21,2,8,8,2,8,2
58150,2,12,45,2,8,2,2,3,2
58193,2,12,65,2,1,2,2,1,2
58212,2,12,49,2,3,3,8,1,2
58216,2,12,50,2,2,2,2,1,1
58241,2,12,36,2,3,1,2,2,2
58251,2,12,51,2,1,3,1,1,1
58258,2,12,67,2,2,1,1,1,1
58292,2,12,64,2,3,2,2,2,1
58299,2,12,21,2,2,2,2,2,1
58334,2,12,20,2,8,1,2,1,1
58350,2,12,83,2,3,2,2,1,2
58357,2,12,73,2,1,1,2,1,2
58494,2,12,67,2,2,1,2,1,2
58541,2,12,19,2,3,3,2,1,1
58590,2,12,78,2,3,2,2,2,2
58647,2,12,55,2,2,2,2,2,2
58719,2,12,26,2,1,1,1,1,1
58783,2,12,30,2,3,1,2,2,1
58935,2,12,46,2,3,2,2,1,1
58950,2,12,87,2,2,1,2,3,2
59074,2,12,28,2,2,2,2,2,2
59152,2,12,63,2,3,2,2,1,1
59175,2,12,36,2,2,3,3,2,2
59283,2,12,32,2,3,2,1,2,3
59370,2,12,58,2,3,3,2,3,3
59420,2,12,83,2,2,1,2,3,2
59421,2,12,86,2,3,2,8,2,8
59436,2,12,52,2,3,2,3,2,1
59462,2,12,47,2,3,1,2,2,1
59496,2,12,48,2,3,1,8,3,2
59502,2,12,39,2,3,3,2,3,2
59503,2,12,31,2,2,1,2,2,2
59556,2,12,43,2,2,1,2,3,2
59563,2,12,35,2,1,3,2,1,2
59599,2,12,71,2,3,1,2,2,1
57088,1,13,35,2,3,2,2,1,1
57317,1,13,58,2,1,3,3,3,1
57604,1,13,80,2,3,1,2,2,3
57878,1,13,25,2,3,2,1,2,2
58110,1,13,81,2,2,1,1,2,2
58239,1,13,25,2,3,1,2,1,1
58556,1,13,55,2,3,2,1,3,3
58614,1,13,21,2,2,2,1,1,1
59194,1,13,27,2,2,2,1,1,1
59443,1,13,28,2,3,1,2,2,2
59470,1,13,64,2,3,1,1,2,1
57439,2,13,20,2,2,3,2,3,1
58083,2,13,50,2,2,2,2,1,2
58509,2,13,23,2,2,1,2,2,2
58617,2,13,65,2,1,3,2,2,2
58947,2,13,46,2,3,2,2,2,2
57103,1,14,80,2,3,1,1,2,1
57186,1,14,32,2,2,2,2,1,1
57755,1,14,80,2,3,1,1,1,1
57819,1,14,54,2,1,2,1,1,1
58046,1,14,49,2,2,2,2,2,2
58214,1,14,89,2,3,1,2,2,2
58397,1,14,41,2,2,2,1,3,3
58438,1,14,47,2,2,2,2,1,2
58461,1,14,61,2,2,2,1,2,1
58539,1,14,43,2,2,1,2,2,2
58797,1,14,32,2,2,2,1,2,2
58887,1,14,23,2,2,1,2,1,1
58958,1,14,43,2,3,2,2,2,2
58984,1,14,59,2,3,2,2,1,2
59247,1,14,24,2,3,8,1,2,1
59388,1,14,70,2,3,1,3,1,2
59514,1,14,84,2,3,2,2,2,2
59516,1,14,71,2,3,2,1,2,3
57202,2,14,29,2,3,2,2,2,2
57281,2,14,41,2,2,1,1,2,1
57314,2,14,66,2,2,1,2,1,1
57386,2,14,54,2,1,2,1,1,1
57458,2,14,55,2,2,2,2,1,2
57536,2,14,53,2,2,3,2,2,2
57537,2,14,40,2,3,3,2,1,1
57742,2,14,32,2,3,2,2,2,2
57749,2,14,57,2,2,1,1,2,2
57787,2,14,51,2,3,2,2,1,2
58088,2,14,39,2,1,3,3,1,1
58198,2,14,70,2,2,1,1,2,1
58408,2,14,35,2,3,2,1,1,1
58468,2,14,65,2,3,1,2,2,8
58524,2,14,43,2,3,1,2,2,2
58686,2,14,44,2,3,2,1,2,2
58747,2,14,48,2,1,2,2,1,2
58825,2,14,25,2,3,3,2,3,1
59167,2,14,67,2,3,1,2,3,2
59173,2,14,42,2,2,1,1,2,1
57152,1,15,45,2,3,1,1,1,2
57487,1,15,39,2,3,2,2,3,3
57673,1,15,58,2,1,1,2,2,2
57785,1,15,37,2,3,2,2,2,1
57839,1,15,40,2,3,2,2,2,1
58053,1,15,72,2,3,1,1,2,1
58298,1,15,44,2,1,1,3,1,2
58452,1,15,53,2,1,1,2,1,1
58743,1,15,72,2,3,1,1,2,3
58992,1,15,34,2,2,2,2,2,1
59295,1,15,40,2,2,1,1,2,1
57372,2,15,25,2,2,2,2,2,2
57741,2,15,20,2,8,3,2,1,1
58155,2,15,58,2,2,3,2,1,1
59030,2,15,26,2,3,3,2,1,1
59075,2,15,37,2,2,1,8,2,8
59096,2,15,77,2,8,2,2,8,8
57062,1,16,53,2,3,1,2,3,2
57385,1,16,58,2,3,2,2,2,1
57569,1,16,71,2,2,8,1,2,2
57594,1,16,22,2,2,2,2,2,2
57648,1,16,47,2,3,2,2,3,1
57672,1,16,57,2,2,2,1,2,2
57681,1,16,64,2,2,1,1,2,2
57892,1,16,58,2,3,1,1,1,1
57915,1,16,89,2,2,1,2,2,2
58120,1,16,57,2,3,1,2,1,2
58162,1,16,64,2,3,2,1,2,2
58354,1,16,63,2,3,3,2,3,1
58364,1,16,53,2,3,1,1,2,1
58475,1,16,33,2,1,2,3,1,1
58515,1,16,34,2,3,1,1,2,2
58944,1,16,44,2,2,2,3,1,2
58968,1,16,37,2,3,3,3,3,3
58977,1,16,64,2,3,1,1,1,1
59222,1,16,65,2,3,1,2,2,3
59226,1,16,40,2,2,1,1,2,3
59257,1,16,61,2,1,1,1,1,1
59322,1,16,48,2,2,2,2,3,3
59325,1,16,38,2,2,1,1,1,1
59375,1,16,27,2,3,2,2,1,1
59587,1,16,52,2,2,2,2,2,2
57181,2,16,58,2,2,1,8,1,1
57196,2,16,62,2,2,1,2,1,1
57312,2,16,58,2,3,3,2,2,8
58101,2,16,63,2,2,2,2,2,3
58140,2,16,73,2,3,1,2,1,1
58191,2,16,55,2,3,1,2,3,2
58878,2,16,57,2,3,2,2,1,1
58896,2,16,24,2,3,2,2,1,1
58919,2,16,37,2,1,2,2,1,1
59016,2,16,55,2,3,1,2,2,1
59237,2,16,40,2,1,2,2,1,1
59423,2,16,77,2,3,2,2,2,2
59468,2,16,54,2,3,1,2,1,2
57166,1,17,51,2,2,2,2,2,2
57505,1,17,44,2,3,2,2,2,1
57522,1,17,72,2,2,1,1,1,1
58113,1,17,77,2,3,1,1,2,1
58118,1,17,44,2,1,1,1,1,1
58895,1,17,24,2,3,2,1,2,1
59484,1,17,30,2,3,2,2,2,3
57560,2,17,50,2,2,2,1,1,1
58008,2,17,36,2,3,2,2,2,2
59344,2,17,39,2,3,2,1,1,2
57834,1,18,74,2,3,1,1,2,2
58457,1,18,37,2,3,1,1,2,2
57224,2,18,75,2,2,1,1,1,1
57401,2,18,64,2,3,1,2,2,2
57670,2,18,80,2,3,1,2,1,1
58225,2,18,66,2,3,2,2,2,2
57361,1,19,84,2,3,1,2,8,2
57484,1,19,60,2,2,2,2,2,2
58133,1,19,75,2,3,2,1,2,2
58330,2,19,32,2,3,1,1,2,1
57378,1,20,55,2,1,3,3,2,2
57403,1,20,82,2,2,1,3,3,2
58894,1,20,56,2,3,1,2,3,2
59048,1,20,60,2,3,2,2,2,2
59122,2,20,86,2,3,1,2,2,1
59509,1,0,62,3,2,2,2,2,2
59093,2,0,62,3,3,1,8,3,3
57272,2,3,53,3,3,3,2,2,3
57271,2,6,41,3,3,3,2,2,1
58280,2,6,43,3,2,3,2,1,2
58059,1,9,75,3,3,1,1,1,1
59037,1,10,84,3,2,1,2,1,2
57506,1,11,78,3,3,1,3,1,8
59060,2,11,32,3,3,1,1,3,1
57205,1,12,55,3,2,1,2,3,1
58318,1,12,73,3,3,2,3,2,3
58352,1,12,50,3,1,1,1,3,3
58563,1,12,53,3,3,1,2,3,3
58961,1,12,71,3,2,1,2,1,1
59310,1,12,79,3,3,3,8,3,1
57174,2,12,29,3,3,1,3,3,1
57580,2,12,74,3,3,3,3,2,3
57682,2,12,71,3,3,2,2,3,3
57865,2,12,86,3,3,1,2,3,1
58679,2,12,36,3,1,2,2,3,3
59105,2,12,61,3,3,2,2,3,2
59346,2,12,26,3,3,3,2,2,2
59363,2,12,55,3,3,3,8,8,3
58169,1,13,52,3,3,3,1,3,2
58946,1,13,55,3,3,1,2,3,3
59598,1,13,27,3,3,2,1,2,1
57226,2,13,63,3,3,2,2,3,1
57698,2,13,55,3,1,1,3,1,2
58978,2,13,58,3,3,1,3,3,3
59116,2,13,77,3,3,2,2,3,1
57099,1,14,31,3,3,3,2,1,1
57214,1,14,54,3,3,2,2,1,1
57877,1,14,69,3,3,1,3,3,3
58784,1,14,82,3,3,1,2,3,2
58965,1,14,70,3,3,1,8,2,3
57247,2,14,45,3,3,2,1,1,1
57669,2,14,71,3,3,1,2,3,3
57760,2,14,50,3,3,1,2,2,3
58015,2,14,44,3,3,2,2,2,2
58165,2,14,50,3,2,1,2,2,3
58396,2,14,23,3,3,2,8,3,3
58694,2,14,88,3,3,1,3,3,2
59565,2,14,67,3,3,1,2,1,2
58328,1,15,99,3,3,8,3,3,8
58620,1,15,54,3,3,1,1,3,3
57077,1,16,56,3,3,1,2,2,2
57313,1,16,72,3,3,1,2,2,3
57383,1,16,62,3,3,1,3,1,3
57831,1,16,43,3,2,1,1,3,2
58168,1,16,60,3,3,1,3,3,3
58192,1,16,71,3,3,3,3,3,3
58210,1,16,50,3,3,1,1,3,3
58294,1,16,53,3,3,2,3,3,3
58377,1,16,47,3,3,2,3,2,2
58848,1,16,79,3,3,1,1,2,3
59138,1,16,33,3,2,3,1,3,2
57761,2,16,58,3,3,2,2,2,2
58029,2,16,78,3,3,1,1,3,3
58050,2,16,39,3,3,2,2,3,2
59448,2,16,54,3,3,1,2,3,3
59523,2,16,61,3,3,2,3,2,3
57984,1,17,55,3,3,2,1,3,2
58435,1,17,44,3,3,3,3,3,3
57518,1,18,71,3,3,1,3,1,3
57564,1,18,65,3,3,2,2,2,2
58485,1,18,78,3,2,1,1,8,8
59275,2,18,53,3,3,1,2,3,3
59478,2,18,63,3,3,1,3,3,3
57904,1,19,68,3,3,1,3,2,3
58914,1,19,80,3,2,1,1,2,2
58592,1,20,37,3,3,8,8,3,2
58782,1,20,52,3,3,1,2,3,3
59349,1,20,62,3,3,2,3,2,2
59489,1,20,67,3,3,1,8,2,3
59329,2,20,70,3,3,1,2,3,1
59163,1,6,29,8,3,1,2,8,1
57216,2,6,25,8,2,8,2,1,1
57307,2,7,79,8,8,3,8,2,2
57803,2,8,52,8,1,3,3,1,1
58613,2,9,89,8,2,2,2,8,9
58104,1,10,87,8,8,2,8,8,8
59084,2,10,25,8,2,8,3,1,1
57431,1,12,66,8,9,9,9,8,1
58754,1,12,88,8,8,1,1,1,1
58862,1,12,83,8,3,8,8,1,8
57889,2,12,22,8,3,2,2,1,1
59465,2,12,69,8,8,2,2,3,1
58587,1,13,24,8,2,2,2,2,1
58233,1,14,87,8,3,1,3,3,3
58347,2,14,50,8,2,3,2,2,2
58353,2,14,31,8,8,2,8,8,1
59506,2,14,87,8,3,1,8,3,1
57206,2,15,81,8,3,1,8,3,1
57867,1,16,47,8,1,1,1,1,1
58545,1,16,49,8,3,2,2,3,3
59095,1,16,55,8,3,1,2,2,2
59427,1,16,76,8,3,2,2,3,3
57640,2,16,32,8,3,8,8,8,8
58706,2,16,60,8,3,3,1,3,3
59437,2,16,79,8,1,2,2,3,1
57664,2,20,83,8,8,1,8,2,8
57995,2,20,60,8,3,1,2,3,3
57240,1,18,63,9,1,1,1,3,1
CASEID,SEX,EDUC,AGE,NATEDUC,NATFARE,NATROAD,NATMASS,NATHEAL,NATENVIR
57820,1,12,20,0,0,1,3,0,0
57780,1,12,21,0,0,1,2,0,0
57204,1,14,21,0,0,1,2,0,0
57225,1,14,23,0,0,1,2,0,0
57442,1,14,23,0,0,1,1,0,0
57859,1,15,26,0,0,1,1,0,0
57758,1,16,27,0,0,1,1,0,0
57916,1,13,29,0,0,1,3,0,0
57114,1,14,29,0,0,1,2,0,0
57596,1,18,29,0,0,1,1,0,0
57343,1,13,30,0,0,1,2,0,0
57108,1,15,30,0,0,1,2,0,0
57251,1,14,31,0,0,1,2,0,0
57925,1,14,31,0,0,1,1,0,0
57514,1,19,31,0,0,1,1,0,0
57311,1,16,32,0,0,1,1,0,0
57163,1,18,32,0,0,1,1,0,0
57515,1,20,32,0,0,1,1,0,0
57069,1,17,34,0,0,1,2,0,0
57270,1,6,35,0,0,1,8,0,0
57396,1,17,35,0,0,1,1,0,0
57694,1,18,35,0,0,1,1,0,0
57472,1,19,35,0,0,1,2,0,0
57677,1,16,36,0,0,1,2,0,0
57728,1,16,36,0,0,1,1,0,0
57503,1,20,36,0,0,1,1,0,0
57954,1,12,37,0,0,1,2,0,0
57242,1,14,37,0,0,1,1,0,0
57869,1,19,37,0,0,1,1,0,0
57349,1,20,38,0,0,1,1,0,0
57203,1,20,40,0,0,1,8,0,0
57496,1,11,41,0,0,1,2,0,0
57261,1,12,41,0,0,1,1,0,0
57693,1,13,41,0,0,1,1,0,0
57395,1,16,41,0,0,1,1,0,0
57200,1,20,41,0,0,1,2,0,0
57935,1,16,42,0,0,1,1,0,0
58035,1,16,42,0,0,1,1,0,0
57145,1,10,43,0,0,1,1,0,0
57545,1,19,43,0,0,1,2,0,0
57791,1,14,45,0,0,1,2,0,0
57079,1,13,46,0,0,1,8,0,0
57237,1,16,46,0,0,1,1,0,0
57407,1,8,47,0,0,1,1,0,0
57674,1,13,47,0,0,1,2,0,0
57095,1,16,47,0,0,1,1,0,0
57335,1,12,48,0,0,1,2,0,0
57250,1,16,48,0,0,1,1,0,0
57853,1,13,49,0,0,1,1,0,0
57090,1,15,50,0,0,1,2,0,0
57613,1,17,50,0,0,1,2,0,0
57347,1,12,51,0,0,1,1,0,0
57080,1,14,51,0,0,1,2,0,0
57436,1,12,52,0,0,1,1,0,0
57933,1,20,52,0,0,1,1,0,0
57770,1,11,53,0,0,1,1,0,0
57625,1,12,53,0,0,1,2,0,0
57998,1,13,53,0,0,1,2,0,0
57982,1,16,53,0,0,1,1,0,0
58019,1,16,53,0,0,1,1,0,0
57868,1,19,53,0,0,1,1,0,0
57871,1,8,54,0,0,1,1,0,0
57091,1,16,54,0,0,1,1,0,0
57565,1,16,54,0,0,1,1,0,0
58052,1,17,55,0,0,1,1,0,0
57486,1,20,55,0,0,1,3,0,0
57630,1,14,56,0,0,1,2,0,0
57768,1,12,57,0,0,1,1,0,0
57337,1,13,57,0,0,1,1,0,0
57716,1,15,57,0,0,1,2,0,0
57089,1,16,57,0,0,1,1,0,0
57129,1,18,57,0,0,1,2,0,0
57463,1,12,58,0,0,1,2,0,0
57936,1,12,58,0,0,1,2,0,0
57104,1,11,59,0,0,1,1,0,0
57109,1,11,59,0,0,1,1,0,0
57992,1,12,59,0,0,1,2,0,0
57064,1,13,59,0,0,1,2,0,0
58024,1,14,59,0,0,1,2,0,0
57548,1,16,59,0,0,1,3,0,0
57986,1,12,60,0,0,1,1,0,0
57438,1,13,60,0,0,1,1,0,0
57365,1,16,60,0,0,1,1,0,0
57953,1,20,60,0,0,1,3,0,0
57359,1,12,61,0,0,1,2,0,0
57713,1,12,61,0,0,1,2,0,0
57288,1,17,61,0,0,1,1,0,0
57198,1,20,61,0,0,1,2,0,0
57262,1,12,63,0,0,1,1,0,0
57541,1,13,63,0,0,1,1,0,0
57731,1,13,63,0,0,1,1,0,0
58031,1,16,64,0,0,1,2,0,0
57504,1,12,65,0,0,1,2,0,0
57521,1,13,65,0,0,1,1,0,0
57435,1,15,65,0,0,1,2,0,0
57654,1,15,66,0,0,1,2,0,0
57230,1,19,67,0,0,1,1,0,0
57433,1,20,67,0,0,1,1,0,0
57287,1,14,69,0,0,1,1,0,0
57689,1,14,69,0,0,1,1,0,0
57127,1,16,69,0,0,1,1,0,0
57293,1,20,69,0,0,1,1,0,0
57539,1,12,70,0,0,1,1,0,0
57413,1,16,70,0,0,1,1,0,0
57926,1,12,73,0,0,1,1,0,0
57656,1,13,74,0,0,1,2,0,0
57533,1,7,75,0,0,1,1,0,0
57530,1,9,75,0,0,1,1,0,0
57769,1,10,76,0,0,1,1,0,0
58038,1,19,77,0,0,1,8,0,0
57815,1,9,79,0,0,1,1,0,0
57333,1,16,81,0,0,1,2,0,0
58036,1,17,84,0,0,1,2,0,0
57903,1,15,89,0,0,1,3,0,0
57397,2,13,23,0,0,1,1,0,0
57894,2,13,23,0,0,1,1,0,0
57724,2,12,24,0,0,1,1,0,0
57838,2,13,24,0,0,1,2,0,0
57535,2,17,24,0,0,1,2,0,0
57712,2,13,25,0,0,1,2,0,0
57254,2,12,26,0,0,1,2,0,0
57157,2,14,26,0,0,1,2,0,0
57700,2,14,26,0,0,1,1,0,0
57860,2,16,26,0,0,1,1,0,0
58028,2,5,27,0,0,1,2,0,0
57158,2,13,28,0,0,1,1,0,0
57339,2,14,30,0,0,1,2,0,0
57299,2,16,30,0,0,1,1,0,0
57197,2,20,30,0,0,1,1,0,0
57890,2,16,31,0,0,1,2,0,0
57424,2,17,32,0,0,1,2,0,0
57920,2,15,34,0,0,1,2,0,0
57759,2,16,34,0,0,1,1,0,0
57479,2,17,35,0,0,1,1,0,0
57888,2,14,36,0,0,1,2,0,0
57210,2,16,37,0,0,1,2,0,0
57478,2,16,37,0,0,1,1,0,0
57873,2,16,37,0,0,1,2,0,0
57709,2,17,37,0,0,1,2,0,0
57908,2,16,39,0,0,1,1,0,0
57402,2,18,39,0,0,1,1,0,0
57136,2,20,39,0,0,1,1,0,0
57156,2,15,40,0,0,1,3,0,0
57568,2,16,40,0,0,1,1,0,0
57938,2,17,40,0,0,1,1,0,0
57847,2,19,40,0,0,1,1,0,0
57983,2,13,42,0,0,1,3,0,0
57652,2,15,42,0,0,1,1,0,0
57593,2,20,43,0,0,1,1,0,0
57678,2,16,44,0,0,1,2,0,0
57316,2,12,45,0,0,1,2,0,0
57209,2,18,45,0,0,1,1,0,0
57374,2,12,46,0,0,1,1,0,0
57125,2,16,47,0,0,1,1,0,0
57618,2,14,49,0,0,1,2,0,0
57714,2,13,50,0,0,1,2,0,0
57228,2,14,50,0,0,1,1,0,0
57421,2,16,50,0,0,1,1,0,0
57274,2,20,50,0,0,1,2,0,0
57134,2,16,51,0,0,1,2,0,0
57303,2,18,51,0,0,1,2,0,0
57796,2,10,52,0,0,1,1,0,0
57540,2,16,52,0,0,1,1,0,0
57414,2,13,53,0,0,1,2,0,0
57663,2,14,53,0,0,1,2,0,0
57987,2,8,54,0,0,1,2,0,0
57675,2,12,55,0,0,1,2,0,0
57538,2,16,55,0,0,1,2,0,0
57319,2,20,55,0,0,1,1,0,0
57858,2,10,56,0,0,1,1,0,0
57879,2,12,56,0,0,1,2,0,0
57582,2,16,56,0,0,1,1,0,0
57067,2,17,56,0,0,1,1,0,0
57120,2,18,56,0,0,1,2,0,0
57201,2,16,57,0,0,1,1,0,0
57980,2,12,58,0,0,1,2,0,0
57852,2,14,58,0,0,1,1,0,0
57782,2,8,59,0,0,1,1,0,0
57730,2,12,59,0,0,1,3,0,0
57919,2,12,59,0,0,1,1,0,0
57968,2,13,59,0,0,1,3,0,0
57923,2,19,60,0,0,1,1,0,0
57470,2,20,60,0,0,1,1,0,0
57848,2,20,60,0,0,1,2,0,0
57720,2,12,61,0,0,1,1,0,0
57690,2,14,61,0,0,1,2,0,0
57102,2,17,61,0,0,1,1,0,0
57906,2,18,61,0,0,1,1,0,0
57304,2,19,61,0,0,1,1,0,0
57480,2,13,62,0,0,1,2,0,0
57699,2,12,63,0,0,1,1,0,0
57118,2,15,63,0,0,1,8,0,0
57334,2,16,63,0,0,1,1,0,0
57465,2,20,63,0,0,1,1,0,0
57164,2,12,65,0,0,1,3,0,0
57502,2,16,66,0,0,1,1,0,0
57280,2,2,68,0,0,1,1,0,0
58048,2,12,68,0,0,1,2,0,0
57836,2,14,68,0,0,1,1,0,0
57187,2,19,68,0,0,1,1,0,0
57542,2,16,69,0,0,1,1,0,0
58027,2,16,70,0,0,1,1,0,0
57455,2,18,70,0,0,1,2,0,0
57947,2,6,71,0,0,1,2,0,0
57886,2,11,71,0,0,1,2,0,0
57601,2,14,71,0,0,1,2,0,0
58012,2,18,71,0,0,1,1,0,0
57153,2,12,72,0,0,1,2,0,0
57473,2,13,72,0,0,1,3,0,0
57642,2,20,72,0,0,1,1,0,0
57371,2,11,73,0,0,1,1,0,0
57898,2,14,73,0,0,1,1,0,0
57900,2,16,73,0,0,1,1,0,0
57212,2,16,74,0,0,1,1,0,0
57236,2,12,77,0,0,1,2,0,0
57330,2,12,78,0,0,1,1,0,0
57326,2,11,80,0,0,1,8,0,0
57355,2,10,81,0,0,1,1,0,0
57217,2,14,81,0,0,1,1,0,0
57227,2,12,82,0,0,1,8,0,0
57364,2,16,84,0,0,1,1,0,0
57370,2,14,85,0,0,1,8,0,0
57346,2,19,85,0,0,1,1,0,0
57824,2,12,89,0,0,1,1,0,0
57172,1,16,23,1,1,1,2,1,2
57377,1,12,25,1,1,1,1,1,1
57553,1,16,25,1,1,1,1,1,1
57363,1,12,26,1,1,1,3,1,1
57550,1,16,38,1,1,1,1,1,2
57423,1,12,40,1,1,1,1,1,1
58054,1,13,42,1,1,1,2,1,1
57113,1,16,42,1,1,1,2,1,1
57140,1,12,43,1,1,1,1,8,8
57245,1,12,46,1,1,1,2,1,1
57932,1,15,53,1,1,1,1,1,1
57284,1,16,56,1,1,1,2,1,2
57854,1,17,59,1,1,1,1,1,1
57161,1,11,62,1,1,1,1,1,1
57856,1,13,63,1,1,1,1,1,1
57418,1,15,63,1,1,1,3,3,1
57566,1,16,63,1,1,1,1,1,1
57872,1,12,64,1,1,1,1,2,1
57367,1,16,65,1,1,1,1,1,1
57751,1,18,65,1,1,1,1,1,1
57512,1,16,66,1,1,1,1,1,1
57665,1,16,66,1,1,1,1,1,1
58045,1,20,67,1,1,1,1,1,1
57643,1,12,70,1,1,1,2,1,1
57466,1,16,70,1,1,1,1,1,1
57562,1,19,74,1,1,1,1,1,1
57469,1,20,88,1,1,1,1,1,1
57896,1,18,99,1,1,1,1,1,1
57297,2,15,23,1,1,1,1,1,1
57499,2,16,25,1,1,1,1,1,1
57063,2,16,26,1,1,1,1,3,2
57534,2,14,28,1,1,1,2,1,2
57781,2,16,29,1,1,1,1,1,1
57082,2,14,30,1,1,1,2,1,3
57380,2,10,31,1,1,1,2,2,2
57256,2,13,36,1,1,1,1,1,1
57459,2,20,36,1,1,1,2,1,1
57328,2,13,40,1,1,1,1,1,1
57701,2,11,49,1,1,1,2,1,1
57341,2,14,50,1,1,1,3,1,1
57094,2,16,54,1,1,1,1,1,1
57918,2,11,56,1,1,1,2,1,1
58041,2,14,56,1,1,1,1,1,1
57457,2,16,58,1,1,1,2,1,2
57794,2,20,58,1,1,1,1,1,1
57798,2,12,62,1,1,1,2,1,1
58034,2,15,62,1,1,1,1,1,2
57722,2,16,64,1,1,1,2,1,1
57133,2,20,66,1,1,1,1,1,1
57384,2,17,70,1,1,1,1,1,1
57393,2,19,73,1,1,1,1,1,1
57668,2,12,81,1,1,1,1,1,2
57188,2,15,89,1,1,1,3,2,2
57673,1,15,58,2,1,1,2,2,2
57698,2,13,55,3,1,1,3,1,2
57867,1,16,47,8,1,1,1,1,1
57240,1,18,63,9,1,1,1,3,1
57500,1,16,24,1,2,1,1,1,1
57973,1,8,27,1,2,1,2,2,2
57135,1,16,27,1,2,1,2,1,1
57516,1,16,28,1,2,1,1,2,1
57532,1,16,28,1,2,1,2,2,1
58023,1,16,30,1,2,1,2,2,1
57929,1,18,35,1,2,1,1,1,1
57543,1,17,38,1,2,1,1,1,1
57602,1,20,44,1,2,1,1,2,2
57218,1,14,48,1,2,1,1,1,2
57404,1,18,50,1,2,1,1,2,1
57911,1,12,52,1,2,1,2,1,1
57138,1,16,54,1,2,1,2,2,1
57453,1,12,55,1,2,1,1,1,1
57767,1,7,58,1,2,1,2,1,1
57292,1,12,59,1,2,1,1,2,1
57507,1,20,59,1,2,1,1,2,1
57590,1,12,60,1,2,1,2,2,2
58021,1,16,60,1,2,1,2,3,2
57585,1,12,63,1,2,1,1,1,1
57874,1,12,63,1,2,1,1,1,3
57199,1,16,63,1,2,1,1,1,1
57437,1,16,63,1,2,1,1,1,1
58009,1,16,64,1,2,1,1,1,1
57558,1,12,66,1,2,1,1,1,1
57392,1,15,66,1,2,1,1,1,1
57567,1,18,66,1,2,1,1,1,1
57683,1,17,67,1,2,1,2,2,2
57609,1,16,70,1,2,1,1,1,1
57789,1,18,71,1,2,1,1,8,2
57828,1,12,75,1,2,1,2,1,1
57429,2,16,24,1,2,1,1,1,1
57779,2,12,27,1,2,1,1,1,2
57737,2,13,32,1,2,1,2,1,1
57965,2,12,34,1,2,1,1,1,1
57575,2,13,34,1,2,1,2,1,1
57276,2,11,35,1,2,1,2,1,1
57391,2,12,39,1,2,1,2,2,1
57295,2,16,41,1,2,1,1,1,1
57492,2,12,42,1,2,1,1,2,2
57703,2,16,42,1,2,1,2,1,1
57960,2,16,43,1,2,1,1,1,1
57233,2,20,45,1,2,1,1,1,1
57710,2,12,46,1,2,1,2,2,1
57362,2,16,54,1,2,1,1,2,1
57881,2,12,55,1,2,1,1,1,1
57910,2,15,56,1,2,1,2,3,2
57866,2,12,57,1,2,1,3,1,1
57864,2,12,58,1,2,1,2,1,2
57296,2,16,59,1,2,1,1,2,1
57547,2,16,60,1,2,1,2,1,1
57801,2,12,64,1,2,1,1,1,1
57408,2,12,69,1,2,1,2,3,3
57066,2,17,74,1,2,1,1,1,2
57611,2,18,76,1,2,1,2,1,1
58010,2,20,76,1,2,1,2,2,2
57213,2,20,84,1,2,1,1,1,1
57354,2,12,87,1,2,1,1,1,2
57248,1,12,62,2,2,1,2,1,1
57681,1,16,64,2,2,1,1,2,2
57522,1,17,72,2,2,1,1,1,1
57636,1,11,75,2,2,1,2,1,1
57403,1,20,82,2,2,1,3,3,2
57915,1,16,89,2,2,1,2,2,2
57281,2,14,41,2,2,1,1,2,1
57826,2,12,53,2,2,1,1,1,1
57749,2,14,57,2,2,1,1,2,2
57181,2,16,58,2,2,1,8,1,1
57196,2,16,62,2,2,1,2,1,1
57314,2,14,66,2,2,1,2,1,1
57224,2,18,75,2,2,1,1,1,1
57696,2,10,76,2,2,1,8,1,2
57831,1,16,43,3,2,1,1,3,2
57205,1,12,55,3,2,1,2,3,1
57351,1,14,20,1,3,1,2,3,1
57893,1,12,25,1,3,1,1,2,1
57491,1,16,25,1,3,1,2,1,1
57175,1,12,28,1,3,1,2,3,8
58026,1,16,29,1,3,1,1,2,1
57416,1,18,29,1,3,1,2,1,1
57520,1,10,31,1,3,1,2,1,1
57344,1,19,32,1,3,1,2,1,1
57606,1,12,33,1,3,1,1,1,1
57966,1,12,34,1,3,1,1,2,2
57620,1,12,36,1,3,1,2,1,1
58014,1,18,40,1,3,1,1,2,2
57170,1,20,42,1,3,1,1,1,2
58016,1,12,43,1,3,1,2,3,2
57432,1,16,43,1,3,1,2,1,1
57332,1,18,43,1,3,1,1,1,1
57171,1,16,45,1,3,1,2,2,1
57219,1,12,46,1,3,1,1,2,3
57766,1,14,48,1,3,1,3,1,3
57440,1,16,49,1,3,1,1,3,1
57587,1,10,50,1,3,1,3,1,3
57142,1,11,51,1,3,1,3,1,2
57715,1,12,51,1,3,1,1,1,1
57985,1,16,51,1,3,1,2,1,1
57488,1,15,52,1,3,1,1,3,1
57792,1,16,53,1,3,1,1,2,2
57635,1,14,54,1,3,1,2,1,2
57073,1,11,56,1,3,1,1,3,3
57993,1,12,56,1,3,1,2,2,2
57745,1,12,57,1,3,1,1,1,1
57238,1,15,59,1,3,1,1,3,1
57775,1,16,61,1,3,1,1,1,1
57997,1,13,63,1,3,1,2,1,1
57725,1,11,79,1,3,1,1,1,1
57624,1,15,79,1,3,1,2,2,1
57168,1,16,81,1,3,1,2,2,1
57692,2,14,21,1,3,1,1,1,1
57489,2,10,22,1,3,1,1,1,1
57454,2,14,22,1,3,1,2,1,1
57348,2,12,26,1,3,1,1,1,1
57799,2,12,26,1,3,1,2,1,1
57912,2,15,28,1,3,1,1,3,1
57322,2,13,30,1,3,1,2,1,2
57876,2,14,30,1,3,1,1,1,1
57425,2,16,30,1,3,1,2,2,1
57628,2,16,30,1,3,1,1,2,2
57468,2,16,31,1,3,1,2,1,2
57813,2,20,32,1,3,1,2,1,1
57119,2,18,44,1,3,1,2,3,1
57406,2,17,45,1,3,1,1,8,8
57331,2,18,46,1,3,1,1,1,2
57748,2,20,47,1,3,1,2,1,2
58030,2,18,48,1,3,1,1,2,1
58032,2,16,49,1,3,1,1,1,1
57106,2,16,50,1,3,1,2,2,1
57887,2,8,52,1,3,1,2,1,1
57464,2,14,52,1,3,1,1,1,1
57945,2,13,53,1,3,1,1,1,2
57531,2,15,55,1,3,1,1,3,1
57422,2,12,57,1,3,1,1,3,1
57428,2,15,58,1,3,1,2,1,1
57773,2,10,59,1,3,1,1,1,1
57325,2,11,59,1,3,1,2,1,1
57183,2,18,61,1,3,1,2,1,1
57661,2,15,62,1,3,1,1,1,1
57632,2,14,65,1,3,1,1,1,2
58044,2,16,66,1,3,1,2,1,2
58013,2,16,67,1,3,1,1,1,1
57100,2,10,69,1,3,1,2,2,2
57577,2,16,69,1,3,1,3,3,1
57646,2,13,70,1,3,1,1,1,3
57671,2,17,74,1,3,1,2,1,3
57706,2,10,76,1,3,1,1,3,3
57808,2,11,79,1,3,1,2,2,2
57185,2,16,79,1,3,1,1,1,1
58057,2,13,84,1,3,1,1,1,2
57092,2,17,99,1,3,1,3,1,1
57356,1,10,31,2,3,1,2,1,2
57152,1,15,45,2,3,1,1,1,2
57062,1,16,53,2,3,1,2,3,2
57892,1,16,58,2,3,1,1,1,1
58053,1,15,72,2,3,1,1,2,1
57883,1,12,73,2,3,1,3,2,8
57834,1,18,74,2,3,1,1,2,2
57604,1,13,80,2,3,1,2,2,3
57103,1,14,80,2,3,1,1,2,1
57755,1,14,80,2,3,1,1,1,1
57361,1,19,84,2,3,1,2,8,2
57075,2,11,40,2,3,1,2,2,2
57401,2,18,64,2,3,1,2,2,2
57670,2,18,80,2,3,1,2,1,1
57077,1,16,56,3,3,1,2,2,2
57383,1,16,62,3,3,1,3,1,3
57904,1,19,68,3,3,1,3,2,3
57877,1,14,69,3,3,1,3,3,3
57518,1,18,71,3,3,1,3,1,3
57313,1,16,72,3,3,1,2,2,3
58059,1,9,75,3,3,1,1,1,1
57506,1,11,78,3,3,1,3,1,8
57174,2,12,29,3,3,1,3,3,1
57760,2,14,50,3,3,1,2,2,3
57669,2,14,71,3,3,1,2,3,3
58029,2,16,78,3,3,1,1,3,3
57865,2,12,86,3,3,1,2,3,1
57995,2,20,60,8,3,1,2,3,3
57206,2,15,81,8,3,1,8,3,1
58011,1,14,41,1,8,1,2,2,1
57902,1,16,54,1,8,1,8,1,1
57608,2,15,37,1,8,1,1,1,1
57989,2,15,79,1,8,1,1,8,1
57664,2,20,83,8,8,1,8,2,8
57443,1,10,19,0,0,2,3,0,0
57957,1,13,19,0,0,2,2,0,0
57861,1,12,20,0,0,2,1,0,0
57589,1,12,21,0,0,2,2,0,0
57875,1,12,22,0,0,2,2,0,0
57588,1,13,23,0,0,2,2,0,0
57249,1,11,24,0,0,2,1,0,0
57130,1,16,24,0,0,2,2,0,0
57740,1,16,25,0,0,2,2,0,0
57956,1,18,25,0,0,2,2,0,0
57882,1,14,27,0,0,2,2,0,0
57417,1,13,28,0,0,2,1,0,0
57592,1,17,28,0,0,2,1,0,0
57806,1,12,29,0,0,2,1,0,0
57697,1,13,30,0,0,2,2,0,0
57581,1,9,31,0,0,2,2,0,0
57939,1,13,31,0,0,2,2,0,0
58006,1,14,31,0,0,2,2,0,0
57131,1,12,32,0,0,2,2,0,0
57702,1,12,32,0,0,2,1,0,0
57111,1,14,32,0,0,2,2,0,0
57842,1,13,33,0,0,2,2,0,0
57961,1,12,34,0,0,2,1,0,0
57941,1,17,34,0,0,2,1,0,0
57126,1,20,34,0,0,2,1,0,0
57570,1,9,36,0,0,2,2,0,0
57784,1,6,37,0,0,2,2,0,0
57294,1,14,37,0,0,2,2,0,0
57994,1,14,37,0,0,2,2,0,0
57739,1,12,39,0,0,2,3,0,0
57863,1,12,39,0,0,2,2,0,0
57990,1,12,39,0,0,2,1,0,0
57962,1,14,39,0,0,2,1,0,0
57762,1,20,39,0,0,2,2,0,0
57591,1,12,40,0,0,2,1,0,0
58025,1,12,40,0,0,2,2,0,0
57685,1,16,40,0,0,2,1,0,0
57833,1,20,40,0,0,2,2,0,0
57732,1,12,41,0,0,2,2,0,0
57149,1,16,41,0,0,2,2,0,0
57182,1,16,41,0,0,2,2,0,0
57490,1,9,42,0,0,2,2,0,0
57180,1,20,44,0,0,2,1,0,0
57483,1,20,44,0,0,2,1,0,0
57811,1,11,45,0,0,2,1,0,0
57498,1,12,45,0,0,2,2,0,0
57827,1,12,47,0,0,2,2,0,0
57650,1,13,47,0,0,2,2,0,0
57776,1,16,50,0,0,2,1,0,0
57795,1,16,50,0,0,2,2,0,0
57122,1,16,51,0,0,2,2,0,0
57116,1,18,51,0,0,2,2,0,0
57291,1,11,52,0,0,2,2,0,0
57810,1,12,53,0,0,2,1,0,0
57707,1,14,53,0,0,2,2,0,0
57193,1,16,53,0,0,2,1,0,0
57723,1,12,54,0,0,2,1,0,0
58039,1,15,54,0,0,2,1,0,0
57816,1,12,55,0,0,2,2,0,0
57234,1,14,55,0,0,2,1,0,0
57211,1,16,55,0,0,2,2,0,0
57846,1,13,56,0,0,2,2,0,0
57306,1,2,58,0,0,2,2,0,0
57927,1,14,58,0,0,2,1,0,0
57528,1,12,60,0,0,2,1,0,0
57891,1,12,62,0,0,2,1,0,0
58040,1,16,62,0,0,2,2,0,0
57544,1,16,63,0,0,2,2,0,0
57467,1,20,63,0,0,2,2,0,0
57851,1,13,66,0,0,2,1,0,0
57660,1,16,66,0,0,2,2,0,0
57946,1,7,68,0,0,2,2,0,0
57074,1,8,69,0,0,2,3,0,0
57559,1,12,69,0,0,2,2,0,0
57607,1,16,69,0,0,2,1,0,0
57412,1,18,70,0,0,2,1,0,0
57777,1,19,76,0,0,2,1,0,0
57823,1,12,79,0,0,2,2,0,0
57229,1,18,83,0,0,2,2,0,0
57309,1,12,89,0,0,2,2,0,0
57345,2,11,18,0,0,2,2,0,0
57495,2,11,18,0,0,2,1,0,0
57379,2,11,19,0,0,2,2,0,0
57315,2,14,21,0,0,2,1,0,0
57269,2,11,22,0,0,2,3,0,0
58043,2,16,23,0,0,2,1,0,0
57719,2,13,24,0,0,2,2,0,0
57501,2,16,25,0,0,2,2,0,0
57870,2,16,25,0,0,2,1,0,0
57885,2,19,25,0,0,2,2,0,0
57756,2,14,26,0,0,2,1,0,0
57999,2,11,27,0,0,2,2,0,0
57154,2,16,27,0,0,2,2,0,0
57964,2,18,27,0,0,2,1,0,0
57375,2,14,28,0,0,2,2,0,0
57952,2,14,28,0,0,2,2,0,0
57338,2,14,29,0,0,2,2,0,0
57190,2,16,29,0,0,2,3,0,0
57340,2,16,29,0,0,2,2,0,0
57688,2,16,29,0,0,2,2,0,0
57147,2,9,30,0,0,2,8,0,0
57071,2,15,30,0,0,2,1,0,0
57426,2,16,30,0,0,2,2,0,0
57605,2,16,30,0,0,2,1,0,0
57950,2,16,30,0,0,2,2,0,0
57373,2,20,30,0,0,2,1,0,0
57358,2,15,31,0,0,2,3,0,0
57684,2,16,31,0,0,2,2,0,0
57264,2,12,32,0,0,2,2,0,0
57807,2,14,32,0,0,2,2,0,0
57970,2,14,32,0,0,2,2,0,0
57123,2,16,32,0,0,2,2,0,0
57726,2,16,33,0,0,2,2,0,0
57757,2,16,33,0,0,2,2,0,0
57641,2,18,33,0,0,2,2,0,0
57268,2,11,34,0,0,2,2,0,0
57389,2,15,34,0,0,2,2,0,0
57420,2,11,35,0,0,2,2,0,0
57146,2,10,36,0,0,2,3,0,0
57753,2,12,36,0,0,2,2,0,0
57441,2,18,36,0,0,2,2,0,0
57754,2,12,37,0,0,2,8,0,0
57583,2,16,37,0,0,2,1,0,0
57098,2,11,38,0,0,2,2,0,0
57086,2,15,38,0,0,2,2,0,0
57448,2,15,38,0,0,2,1,0,0
57614,2,16,38,0,0,2,1,0,0
57988,2,16,38,0,0,2,2,0,0
57991,2,16,38,0,0,2,1,0,0
57476,2,17,38,0,0,2,2,0,0
57958,2,18,38,0,0,2,2,0,0
57981,2,20,38,0,0,2,2,0,0
57081,2,8,39,0,0,2,2,0,0
57360,2,12,39,0,0,2,2,0,0
57352,2,15,39,0,0,2,2,0,0
57376,2,12,40,0,0,2,1,0,0
57477,2,16,40,0,0,2,1,0,0
57899,2,16,40,0,0,2,1,0,0
57462,2,12,41,0,0,2,9,0,0
57959,2,16,41,0,0,2,2,0,0
57323,2,11,42,0,0,2,2,0,0
57928,2,12,42,0,0,2,3,0,0
57599,2,17,42,0,0,2,2,0,0
57411,2,20,42,0,0,2,1,0,0
57975,2,8,44,0,0,2,2,0,0
57519,2,16,44,0,0,2,2,0,0
57629,2,16,44,0,0,2,1,0,0
58056,2,11,45,0,0,2,2,0,0
57523,2,18,45,0,0,2,2,0,0
57744,2,12,46,0,0,2,3,0,0
57686,2,11,47,0,0,2,2,0,0
57551,2,18,47,0,0,2,1,0,0
57336,2,12,48,0,0,2,2,0,0
57797,2,12,48,0,0,2,2,0,0
57835,2,16,48,0,0,2,1,0,0
57809,2,20,48,0,0,2,2,0,0
57616,2,12,49,0,0,2,2,0,0
57430,2,16,49,0,0,2,2,0,0
57318,2,12,50,0,0,2,2,0,0
57387,2,12,50,0,0,2,2,0,0
58042,2,12,50,0,0,2,1,0,0
57704,2,13,50,0,0,2,1,0,0
57930,2,15,51,0,0,2,2,0,0
57394,2,12,53,0,0,2,2,0,0
58060,2,12,53,0,0,2,2,0,0
57790,2,16,53,0,0,2,2,0,0
57273,2,6,54,0,0,2,2,0,0
57255,2,10,54,0,0,2,2,0,0
57194,2,14,54,0,0,2,2,0,0
57552,2,16,54,0,0,2,1,0,0
57645,2,16,54,0,0,2,1,0,0
57555,2,18,54,0,0,2,1,0,0
57655,2,16,55,0,0,2,2,0,0
57065,2,16,56,0,0,2,2,0,0
57940,2,16,56,0,0,2,2,0,0
58061,2,17,56,0,0,2,2,0,0
57449,2,12,57,0,0,2,1,0,0
57556,2,18,57,0,0,2,2,0,0
57644,2,12,58,0,0,2,8,0,0
57658,2,13,58,0,0,2,2,0,0
57139,2,16,58,0,0,2,1,0,0
57571,2,16,58,0,0,2,1,0,0
57800,2,12,59,0,0,2,2,0,0
57342,2,10,61,0,0,2,2,0,0
57667,2,12,61,0,0,2,1,0,0
57357,2,16,61,0,0,2,2,0,0
57752,2,16,61,0,0,2,1,0,0
57772,2,2,64,0,0,2,2,0,0
57619,2,12,64,0,0,2,2,0,0
57461,2,16,64,0,0,2,2,0,0
57610,2,16,64,0,0,2,2,0,0
57195,2,18,64,0,0,2,2,0,0
57561,2,13,65,0,0,2,2,0,0
57128,2,16,65,0,0,2,1,0,0
57695,2,13,67,0,0,2,2,0,0
57623,2,13,68,0,0,2,2,0,0
57434,2,16,69,0,0,2,2,0,0
57949,2,8,71,0,0,2,1,0,0
57639,2,12,71,0,0,2,2,0,0
57398,2,10,74,0,0,2,8,0,0
57626,2,14,74,0,0,2,2,0,0
58058,2,12,75,0,0,2,2,0,0
57914,2,11,76,0,0,2,2,0,0
57659,2,14,76,0,0,2,2,0,0
57615,2,16,77,0,0,2,2,0,0
57257,2,12,79,0,0,2,2,0,0
58033,2,14,83,0,0,2,2,0,0
57774,2,12,88,0,0,2,2,0,0
58055,2,12,89,0,0,2,3,0,0
58051,2,13,89,0,0,2,2,0,0
57160,2,17,99,0,0,2,2,0,0
57215,1,13,23,1,1,2,1,2,1
58002,1,12,24,1,1,2,2,1,1
57282,1,12,29,1,1,2,2,1,1
57381,1,12,33,1,1,2,2,1,2
57189,1,20,38,1,1,2,1,1,1
57266,1,16,46,1,1,2,2,1,1
57633,1,6,55,1,1,2,2,1,1
57746,1,12,60,1,1,2,2,1,1
57415,1,12,65,1,1,2,1,1,1
57405,1,16,74,1,1,2,1,1,1
57191,1,17,77,1,1,2,2,1,1
57329,1,18,78,1,1,2,1,2,2
57390,2,12,19,1,1,2,2,1,2
57557,2,14,21,1,1,2,2,2,1
57117,2,17,24,1,1,2,2,1,1
57924,2,18,29,1,1,2,1,1,1
57110,2,15,32,1,1,2,2,2,1
57445,2,12,33,1,1,2,2,2,2
57144,2,11,35,1,1,2,1,1,1
57223,2,14,45,1,1,2,1,1,1
57974,2,19,51,1,1,2,2,1,1
57637,2,16,53,1,1,2,1,2,2
57246,2,3,56,1,1,2,1,2,1
57184,2,16,56,1,1,2,1,1,1
58017,2,14,59,1,1,2,2,3,1
57232,2,16,59,1,1,2,1,1,1
58007,2,0,78,1,1,2,3,1,3
57258,2,11,78,1,1,2,1,2,2
57819,1,14,54,2,1,2,1,1,1
57083,2,12,36,2,1,2,1,2,2
57386,2,14,54,2,1,2,1,1,1
57494,2,12,89,2,1,2,2,1,1
57837,2,12,89,2,1,2,1,1,1
57302,1,12,19,1,2,2,2,1,2
57597,1,11,22,1,2,2,2,3,1
57971,1,12,24,1,2,2,1,2,1
57150,1,12,25,1,2,2,2,1,1
57382,1,19,27,1,2,2,2,1,1
57600,1,16,29,1,2,2,1,3,1
57179,1,16,30,1,2,2,2,1,1
57832,1,19,31,1,2,2,2,1,1
57783,1,13,32,1,2,2,2,1,1
57996,1,16,32,1,2,2,1,3,2
57447,1,12,33,1,2,2,1,1,1
57979,1,14,38,1,2,2,1,1,1
57446,1,6,39,1,2,2,2,2,2
57584,1,14,50,1,2,2,2,1,1
57096,1,12,53,1,2,2,1,3,2
58049,1,11,63,1,2,2,2,1,1
57508,1,17,65,1,2,2,1,2,2
57563,1,16,68,1,2,2,3,1,2
58047,1,11,85,1,2,2,2,1,1
57239,2,12,20,1,2,2,2,1,1
57286,2,16,24,1,2,2,2,1,1
57963,2,13,26,1,2,2,2,1,1
57517,2,12,29,1,2,2,1,1,1
57921,2,19,29,1,2,2,1,1,1
57471,2,16,34,1,2,2,1,1,1
57368,2,19,34,1,2,2,2,2,1
57253,2,12,35,1,2,2,2,1,1
57399,2,6,36,1,2,2,1,8,1
57097,2,12,37,1,2,2,2,2,1
57178,2,16,38,1,2,2,2,1,1
57802,2,18,38,1,2,2,1,1,1
57595,2,6,41,1,2,2,2,1,2
57310,2,12,41,1,2,2,2,2,1
57509,2,17,41,1,2,2,1,1,1
57137,2,18,41,1,2,2,2,2,1
57617,2,10,43,1,2,2,1,1,1
57107,2,12,43,1,2,2,2,1,1
57812,2,14,43,1,2,2,1,3,2
57124,2,20,47,1,2,2,2,1,1
57573,2,15,51,1,2,2,2,1,1
57485,2,20,57,1,2,2,1,1,2
57327,2,12,58,1,2,2,2,2,2
57510,2,20,60,1,2,2,1,2,1
57917,2,6,62,1,2,2,1,1,1
57830,2,16,63,1,2,2,2,1,2
57578,2,14,68,1,2,2,2,1,2
57527,2,12,74,1,2,2,1,1,1
57627,2,12,77,1,2,2,1,2,2
57717,2,14,79,1,2,2,1,1,2
57221,2,14,86,1,2,2,2,1,2
57729,1,12,19,2,2,2,1,1,1
57977,1,0,22,2,2,2,8,2,2
57594,1,16,22,2,2,2,2,2,2
57400,1,10,23,2,2,2,2,2,2
58003,1,12,23,2,2,2,1,2,2
57186,1,14,32,2,2,2,2,1,1
57290,1,12,43,2,2,2,8,2,2
58046,1,14,49,2,2,2,2,2,2
57267,1,9,50,2,2,2,1,2,2
57166,1,17,51,2,2,2,2,2,2
57672,1,16,57,2,2,2,1,2,2
57484,1,19,60,2,2,2,2,2,2
57372,2,15,25,2,2,2,2,2,2
57778,2,6,27,2,2,2,1,2,2
57072,2,5,43,2,2,2,2,2,2
57560,2,17,50,2,2,2,1,1,1
57458,2,14,55,2,2,2,2,1,2
57525,1,11,23,1,3,2,8,1,1
58020,1,15,25,1,3,2,1,1,1
57173,1,12,26,1,3,2,2,1,2
57680,1,12,26,1,3,2,2,1,1
57101,1,16,35,1,3,2,2,1,1
57850,1,20,35,1,3,2,1,1,1
57409,1,12,36,1,3,2,1,1,1
57786,1,18,40,1,3,2,2,1,1
57167,1,16,41,1,3,2,2,3,1
57192,1,13,47,1,3,2,2,1,2
57475,1,12,49,1,3,2,2,1,2
57955,1,12,52,1,3,2,2,1,2
57444,1,20,57,1,3,2,2,1,1
57657,2,12,18,1,3,2,1,3,2
57260,2,14,20,1,3,2,2,2,1
57948,2,16,22,1,3,2,2,1,2
57076,2,16,25,1,3,2,2,1,1
58022,2,12,29,1,3,2,2,3,1
57845,2,14,30,1,3,2,2,3,2
57771,2,15,30,1,3,2,1,3,1
57321,2,13,31,1,3,2,2,3,1
57207,2,17,38,1,3,2,3,1,2
57907,2,14,39,1,3,2,1,1,3
57934,2,12,41,1,3,2,3,2,2
57121,2,16,43,1,3,2,2,2,1
57901,2,14,44,1,3,2,1,1,1
57586,2,14,45,1,3,2,2,1,2
57621,2,16,49,1,3,2,1,1,2
57862,2,13,51,1,3,2,1,1,1
58004,2,16,51,1,3,2,8,1,1
57112,2,18,52,1,3,2,1,1,1
57549,2,18,54,1,3,2,1,1,1
57653,2,20,56,1,3,2,2,2,1
57353,2,12,57,1,3,2,2,1,1
57942,2,11,58,1,3,2,2,1,1
57176,2,16,60,1,3,2,2,1,1
57093,2,16,61,1,3,2,2,1,1
57691,2,14,62,1,3,2,2,3,1
58000,2,15,62,1,3,2,1,3,3
57750,2,20,67,1,3,2,2,3,3
57687,2,12,70,1,3,2,2,1,2
57169,2,16,74,1,3,2,2,1,1
57308,2,16,75,1,3,2,2,3,1
57878,1,13,25,2,3,2,1,2,2
57666,1,12,30,2,3,2,2,3,2
57088,1,13,35,2,3,2,2,1,1
57785,1,15,37,2,3,2,2,2,1
57487,1,15,39,2,3,2,2,3,3
57839,1,15,40,2,3,2,2,2,1
58005,1,12,42,2,3,2,2,1,2
57505,1,17,44,2,3,2,2,2,1
57648,1,16,47,2,3,2,2,3,1
57385,1,16,58,2,3,2,2,2,1
57603,1,12,61,2,3,2,2,1,2
57324,2,10,25,2,3,2,2,2,1
57202,2,14,29,2,3,2,2,2,2
57742,2,14,32,2,3,2,2,2,2
57554,2,12,34,2,3,2,1,1,2
58008,2,17,36,2,3,2,2,2,2
57787,2,14,51,2,3,2,2,1,2
57115,2,12,81,2,3,2,2,8,2
57214,1,14,54,3,3,2,2,1,1
57984,1,17,55,3,3,2,1,3,2
57564,1,18,65,3,3,2,2,2,2
58050,2,16,39,3,3,2,2,3,2
58015,2,14,44,3,3,2,2,2,2
57247,2,14,45,3,3,2,1,1,1
57761,2,16,58,3,3,2,2,2,2
57226,2,13,63,3,3,2,2,3,1
57682,2,12,71,3,3,2,2,3,3
57889,2,12,22,8,3,2,2,1,1
58001,2,14,22,1,8,2,1,2,1
57419,2,12,35,1,8,2,1,1,1
57909,2,18,35,1,8,2,2,1,2
57151,2,14,48,1,8,2,2,1,1
57805,2,19,73,1,8,2,2,2,1
57493,2,5,46,2,8,2,1,1,1
57822,2,12,50,2,8,2,8,1,2
57474,2,12,77,2,8,2,2,8,2
58037,1,12,18,0,0,3,1,0,0
57524,1,8,19,0,0,3,8,0,0
57277,1,12,19,0,0,3,3,0,0
57263,1,13,25,0,0,3,2,0,0
57259,1,12,27,0,0,3,1,0,0
57840,1,10,28,0,0,3,1,0,0
57676,1,16,29,0,0,3,2,0,0
57546,1,12,31,0,0,3,2,0,0
57743,1,12,32,0,0,3,3,0,0
57736,1,10,33,0,0,3,2,0,0
57844,1,3,35,0,0,3,2,0,0
57529,1,9,38,0,0,3,1,0,0
57410,1,15,38,0,0,3,3,0,0
57843,1,12,42,0,0,3,2,0,0
57976,1,12,44,0,0,3,3,0,0
57622,1,16,45,0,0,3,2,0,0
57427,1,16,49,0,0,3,1,0,0
57511,1,16,50,0,0,3,1,0,0
57220,1,6,51,0,0,3,3,0,0
57497,1,18,56,0,0,3,1,0,0
57068,1,12,63,0,0,3,3,0,0
57513,1,16,65,0,0,3,2,0,0
57841,2,13,18,0,0,3,2,0,0
57897,2,14,19,0,0,3,1,0,0
57793,2,14,22,0,0,3,1,0,0
57452,2,13,23,0,0,3,3,0,0
57764,2,13,24,0,0,3,3,0,0
57978,2,10,25,0,0,3,2,0,0
57788,2,12,26,0,0,3,1,0,0
57243,2,12,27,0,0,3,2,0,0
57727,2,12,27,0,0,3,8,0,0
57631,2,13,31,0,0,3,8,0,0
57708,2,13,31,0,0,3,2,0,0
57285,2,12,33,0,0,3,3,0,0
57598,2,12,33,0,0,3,2,0,0
57265,2,5,34,0,0,3,2,0,0
57922,2,16,34,0,0,3,1,0,0
57388,2,9,36,0,0,3,2,0,0
57733,2,17,36,0,0,3,1,0,0
57734,2,18,36,0,0,3,2,0,0
57572,2,15,37,0,0,3,3,0,0
57937,2,10,38,0,0,3,1,0,0
57275,2,13,38,0,0,3,1,0,0
57350,2,10,39,0,0,3,2,0,0
57817,2,15,39,0,0,3,2,0,0
57143,2,10,40,0,0,3,1,0,0
58018,2,12,40,0,0,3,2,0,0
57711,2,19,40,0,0,3,1,0,0
57638,2,15,45,0,0,3,2,0,0
57301,2,5,46,0,0,3,2,0,0
57451,2,12,46,0,0,3,2,0,0
57705,2,8,48,0,0,3,8,0,0
57829,2,12,48,0,0,3,1,0,0
57078,2,13,51,0,0,3,2,0,0
57884,2,11,53,0,0,3,2,0,0
57931,2,14,54,0,0,3,8,0,0
57747,2,9,59,0,0,3,3,0,0
57574,2,17,60,0,0,3,1,0,0
57721,2,12,62,0,0,3,3,0,0
57235,2,17,62,0,0,3,3,0,0
57905,2,17,67,0,0,3,3,0,0
57763,2,12,70,0,0,3,1,0,0
57821,2,8,72,0,0,3,1,0,0
57825,2,12,75,0,0,3,2,0,0
57612,2,14,76,0,0,3,3,0,0
57369,2,8,78,0,0,3,3,0,0
57649,1,14,33,1,1,3,2,2,1
57085,1,14,38,1,1,3,1,1,1
57735,1,9,40,1,1,3,3,1,1
57320,1,14,43,1,1,3,3,1,1
57647,1,12,47,1,1,3,3,1,1
57132,1,14,51,1,1,3,2,1,1
57148,1,10,56,1,1,3,3,3,3
57155,2,8,24,1,1,3,1,1,1
57804,2,12,28,1,1,3,3,1,1
57967,2,17,38,1,1,3,2,1,1
57765,2,14,40,1,1,3,3,1,1
57951,2,12,60,1,1,3,2,3,1
57241,2,16,71,1,1,3,2,2,1
57378,1,20,55,2,1,3,3,2,2
57317,1,13,58,2,1,3,3,3,1
57849,2,12,40,2,1,3,2,1,3
57662,2,12,70,2,1,3,2,1,1
57803,2,8,52,8,1,3,3,1,1
57895,1,11,20,1,2,3,2,1,1
57880,1,12,25,1,2,3,2,1,1
57481,1,13,32,1,2,3,2,1,1
57579,1,13,32,1,2,3,1,1,1
57252,1,16,37,1,2,3,1,1,1
57913,1,6,50,1,2,3,2,1,1
57718,2,14,31,1,2,3,2,1,1
57162,2,13,43,1,2,3,3,2,2
57141,2,6,55,1,2,3,3,1,1
57298,1,12,19,2,2,3,2,1,1
57439,2,13,20,2,2,3,2,3,1
57814,2,12,25,2,2,3,2,1,1
57855,2,12,30,2,2,3,1,1,1
57084,2,11,42,2,2,3,1,2,2
57738,2,12,47,2,2,3,2,2,2
57536,2,14,53,2,2,3,2,2,2
57222,1,10,54,1,3,3,3,1,1
57526,1,10,55,1,3,3,2,2,2
57943,2,14,23,1,3,3,1,1,1
57244,2,12,26,1,3,3,1,1,2
57651,2,17,40,1,3,3,1,1,2
57679,2,16,43,1,3,3,2,3,1
57305,2,13,45,1,3,3,2,2,2
57944,2,20,51,1,3,3,2,2,1
57634,2,12,55,1,3,3,3,1,1
57283,2,14,61,1,3,3,2,1,2
57972,2,13,65,1,3,3,3,3,3
57300,2,10,75,1,3,3,2,2,2
57208,1,12,37,2,3,3,2,3,1
57278,1,9,56,2,3,3,8,2,1
57537,2,14,40,2,3,3,2,1,1
57312,2,16,58,2,3,3,2,2,8
57099,1,14,31,3,3,3,2,1,1
57271,2,6,41,3,3,3,2,2,1
57272,2,3,53,3,3,3,2,2,3
57580,2,12,74,3,3,3,3,2,3
57087,2,18,28,1,8,3,1,1,2
57741,2,15,20,2,8,3,2,1,1
57307,2,7,79,8,8,3,8,2,2
57456,1,15,27,0,0,8,8,0,0
57969,1,12,28,0,0,8,2,0,0
57279,1,16,46,0,0,8,1,0,0
57482,1,16,70,0,0,8,3,0,0
57857,1,11,73,0,0,8,2,0,0
57165,2,16,32,0,0,8,3,0,0
57576,2,20,34,0,0,8,1,0,0
57177,2,18,35,0,0,8,3,0,0
57070,2,10,37,0,0,8,3,0,0
57159,2,12,37,0,0,8,1,0,0
57460,2,12,65,0,0,8,8,0,0
57289,2,13,78,0,0,8,2,0,0
57231,2,13,84,0,0,8,1,0,0
57450,1,11,23,1,1,8,2,1,1
57105,1,14,26,1,1,8,3,1,1
57818,1,14,78,1,1,8,1,2,2
57569,1,16,71,2,2,8,1,2,2
57216,2,6,25,8,2,8,2,1,1
57640,2,16,32,8,3,8,8,8,8
57366,2,16,43,1,8,8,2,1,2
57431,1,12,66,8,9,9,9,8,1
