CASEID,YEAR,ID,AGE,SEX,RACECEN1,HISPANIC,EDUC,MARHOMO
59600,2016,1,47,1,1,1,16,1
59601,2016,2,61,1,1,1,12,0
59602,2016,3,72,1,1,1,16,4
59603,2016,4,43,2,1,1,12,2
59604,2016,5,55,2,1,1,18,2
59605,2016,6,53,2,1,1,14,0
59606,2016,7,50,1,1,1,14,2
59607,2016,8,23,2,16,2,11,2
59608,2016,9,45,1,2,1,12,4
59609,2016,10,71,1,1,1,14,2
59610,2016,11,33,2,2,1,12,0
59611,2016,12,86,2,1,1,12,8
59612,2016,13,32,1,2,1,12,0
59613,2016,14,60,2,2,1,98,3
59614,2016,15,76,1,1,1,10,0
59615,2016,16,33,2,1,1,13,1
59616,2016,17,56,1,1,3,13,5
59617,2016,18,62,2,16,3,10,0
59618,2016,19,31,1,2,1,18,0
59619,2016,20,43,1,2,1,13,2
59620,2016,21,58,2,1,1,12,0
59621,2016,22,32,2,2,1,11,3
59622,2016,23,23,2,16,5,10,0
59623,2016,24,37,2,1,1,12,1
59624,2016,25,25,2,1,11,15,2
59625,2016,26,76,2,1,3,3,0
59626,2016,27,71,1,1,1,19,1
59627,2016,28,22,1,2,1,14,0
59628,2016,29,74,1,1,1,18,0
59629,2016,30,75,2,1,1,12,4
59630,2016,31,32,1,1,1,12,0
59631,2016,32,68,2,1,1,12,2
59632,2016,33,55,1,1,1,12,2
59633,2016,34,46,1,2,1,14,4
59634,2016,35,58,2,1,1,12,2
59635,2016,36,35,1,1,1,12,0
59636,2016,37,59,1,1,1,16,0
59637,2016,38,43,2,1,1,16,1
59638,2016,39,58,2,1,1,16,2
59639,2016,40,79,2,1,1,14,0
59640,2016,41,40,2,1,1,12,1
59641,2016,42,44,2,16,15,12,2
59642,2016,43,68,2,5,1,16,0
59643,2016,44,36,2,1,1,20,1
59644,2016,45,70,1,1,1,17,0
59645,2016,46,28,1,1,1,15,1
59646,2016,47,35,2,2,1,16,0
59647,2016,48,33,1,15,1,16,2
59648,2016,49,23,1,1,1,17,1
59649,2016,50,47,2,1,1,16,0
59650,2016,51,25,2,5,1,16,0
59651,2016,52,70,2,1,1,12,1
59652,2016,53,20,1,1,1,13,0
59653,2016,54,41,1,1,1,19,1
59654,2016,55,53,2,1,1,16,2
59655,2016,56,42,2,1,30,16,0
59656,2016,57,40,2,1,1,17,0
59657,2016,58,57,2,1,1,17,0
59658,2016,59,59,2,1,1,20,1
59659,2016,60,35,2,1,3,10,2
59660,2016,61,26,1,2,1,13,2
59661,2016,62,35,1,2,1,12,0
59662,2016,63,51,2,2,1,12,3
59663,2016,64,39,2,2,1,13,0
59664,2016,65,27,2,16,11,11,5
59665,2016,66,30,1,16,3,10,2
59666,2016,67,29,1,16,3,12,0
59667,2016,68,39,2,2,1,10,1
59668,2016,69,60,2,2,1,11,4
59669,2016,70,74,2,16,3,6,2
59670,2016,71,74,2,2,1,10,3
59671,2016,72,57,2,2,1,14,1
59672,2016,73,80,1,2,1,11,0
59673,2016,74,70,1,2,7,12,0
59674,2016,75,35,2,2,1,18,1
59675,2016,76,49,2,2,1,10,0
59676,2016,77,36,2,1,1,20,1
59677,2016,78,37,2,2,1,18,1
59678,2016,79,78,2,1,1,19,1
59679,2016,80,41,1,2,1,12,2
59680,2016,81,42,1,5,1,14,2
59681,2016,82,35,2,1,1,14,1
59682,2016,83,33,1,1,1,16,1
59683,2016,84,44,1,1,1,12,2
59684,2016,85,41,1,1,1,16,4
59685,2016,86,52,1,1,1,12,1
59686,2016,87,45,2,1,1,16,0
59687,2016,88,41,2,16,15,13,5
59688,2016,89,41,2,1,15,12,1
59689,2016,90,68,1,1,1,12,1
59690,2016,91,57,2,2,1,12,0
59691,2016,92,72,1,2,1,20,3
59692,2016,93,68,1,1,1,19,2
59693,2016,94,50,1,1,1,16,1
59694,2016,95,40,1,1,1,17,1
59695,2016,96,58,1,1,1,15,0
59696,2016,97,43,1,1,2,16,0
59697,2016,98,25,1,2,1,16,0
59698,2016,99,33,1,5,1,20,2
59699,2016,100,27,1,1,1,16,2
59700,2016,101,58,2,2,1,16,4
59701,2016,102,66,2,1,1,12,0
59702,2016,103,66,1,1,1,12,2
59703,2016,104,89,2,1,1,12,3
59704,2016,105,29,2,16,3,14,2
59705,2016,106,89,2,1,1,8,5
59706,2016,107,78,2,1,1,12,2
59707,2016,108,52,2,1,3,12,1
59708,2016,109,50,1,1,1,11,2
59709,2016,110,25,2,1,1,16,5
59710,2016,111,37,1,1,1,16,1
59711,2016,112,54,2,1,1,16,1
59712,2016,113,52,1,10,1,14,5
59713,2016,114,48,1,1,22,14,0
59714,2016,115,32,2,10,1,20,0
59715,2016,116,29,2,1,1,17,1
59716,2016,117,75,2,1,1,19,1
59717,2016,118,59,2,1,1,19,0
59718,2016,119,81,1,1,1,13,1
59719,2016,120,69,2,1,1,12,0
59720,2016,121,55,2,1,1,18,1
59721,2016,122,52,2,1,1,15,1
59722,2016,123,33,2,1,41,16,1
59723,2016,124,56,1,1,1,12,2
59724,2016,125,71,1,1,1,16,0
59725,2016,126,21,1,1,15,15,0
59726,2016,127,49,2,1,1,12,1
59727,2016,128,26,1,1,1,16,1
59728,2016,129,33,2,1,1,16,0
59729,2016,130,36,1,1,22,20,1
59730,2016,131,68,1,2,1,12,0
59731,2016,132,27,2,2,1,16,1
59732,2016,133,60,2,2,1,14,3
59733,2016,134,48,1,1,1,12,1
59734,2016,135,47,2,2,1,12,3
59735,2016,136,36,2,1,1,14,2
59736,2016,137,89,2,1,1,12,0
59737,2016,138,64,2,1,1,12,1
59738,2016,139,38,2,1,1,16,1
59739,2016,140,62,1,1,1,12,2
59740,2016,141,62,2,1,1,16,1
59741,2016,142,65,2,1,1,14,1
59742,2016,143,60,1,1,1,14,2
59743,2016,144,47,2,1,1,16,1
59744,2016,145,62,1,1,1,14,0
59745,2016,146,51,2,1,1,16,0
59746,2016,147,43,2,1,1,16,1
59747,2016,148,47,1,9,1,14,0
59748,2016,149,57,2,1,1,12,0
59749,2016,150,30,1,1,1,16,1
59750,2016,151,39,1,1,1,18,1
59751,2016,152,37,2,1,1,15,0
59752,2016,153,52,2,4,1,12,2
59753,2016,154,61,2,16,2,18,1
59754,2016,155,58,1,1,1,12,2
59755,2016,156,31,1,1,24,14,2
59756,2016,157,52,2,10,1,16,1
59757,2016,158,46,2,1,2,16,1
59758,2016,159,25,2,1,2,13,0
59759,2016,160,54,1,3,2,12,2
59760,2016,161,33,2,6,1,15,0
59761,2016,162,33,1,4,1,18,1
59762,2016,163,61,2,1,1,12,1
59763,2016,164,65,2,1,2,99,3
59764,2016,165,53,2,1,2,12,0
59765,2016,166,66,2,14,1,11,5
59766,2016,167,41,2,1,2,12,1
59767,2016,168,57,2,1,1,13,0
59768,2016,169,50,1,2,1,12,1
59769,2016,170,75,1,2,1,14,5
59770,2016,171,22,2,2,1,11,0
59771,2016,172,27,1,1,1,14,1
59772,2016,173,20,2,1,2,12,0
59773,2016,174,55,1,1,1,20,1
59774,2016,175,49,2,1,20,14,0
59775,2016,176,51,2,3,2,14,1
59776,2016,177,56,1,1,1,16,1
59777,2016,178,41,2,5,1,18,2
59778,2016,179,67,1,1,2,14,2
59779,2016,180,38,2,2,1,12,2
59780,2016,181,76,2,6,1,16,4
59781,2016,182,66,1,2,1,14,2
59782,2016,183,84,2,6,1,17,2
59783,2016,184,32,1,2,1,12,0
59784,2016,185,46,1,2,1,16,1
59785,2016,186,25,1,7,1,13,0
59786,2016,187,67,1,1,1,18,2
59787,2016,188,34,1,2,1,12,2
59788,2016,189,29,2,16,2,8,3
59789,2016,190,51,2,1,2,1,0
59790,2016,191,39,2,16,5,14,2
59791,2016,192,39,2,16,2,9,0
59792,2016,193,51,2,1,6,2,4
59793,2016,194,40,2,15,2,8,3
59794,2016,195,32,1,1,5,9,3
59795,2016,196,38,1,1,2,14,0
59796,2016,197,79,2,1,1,13,4
59797,2016,198,49,1,6,1,16,4
59798,2016,199,22,1,1,2,15,2
59799,2016,200,30,1,2,1,16,2
59800,2016,201,47,1,1,1,15,1
59801,2016,202,55,1,1,2,12,0
59802,2016,203,30,1,1,3,16,0
59803,2016,204,29,1,2,1,16,0
59804,2016,205,37,1,1,1,16,1
59805,2016,206,67,2,1,1,20,0
59806,2016,207,38,2,16,5,16,5
59807,2016,208,81,2,1,1,11,0
59808,2016,209,35,1,2,1,14,0
59809,2016,210,46,1,1,1,20,3
59810,2016,211,37,1,1,1,12,0
59811,2016,212,21,1,98,6,15,2
59812,2016,213,43,1,1,1,12,1
59813,2016,214,45,2,1,1,16,2
59814,2016,215,76,2,1,1,19,0
59815,2016,216,77,1,1,1,12,4
59816,2016,217,61,2,1,1,16,0
59817,2016,218,45,2,1,46,12,3
59818,2016,219,47,1,1,1,13,4
59819,2016,220,41,1,1,2,16,1
59820,2016,221,19,2,2,47,12,0
59821,2016,222,50,1,16,2,6,4
59822,2016,223,25,1,9,1,17,1
59823,2016,224,45,1,1,1,18,1
59824,2016,225,21,1,1,2,14,0
59825,2016,226,48,2,9,1,12,5
59826,2016,227,25,1,4,1,17,1
59827,2016,228,31,1,1,2,16,0
59828,2016,229,33,2,1,2,18,1
59829,2016,230,72,1,1,1,16,0
59830,2016,231,70,2,1,1,12,5
59831,2016,232,66,2,1,1,16,1
59832,2016,233,57,2,5,1,18,0
59833,2016,234,81,1,1,1,19,2
59834,2016,235,23,1,1,1,16,0
59835,2016,236,48,2,1,2,19,2
59836,2016,237,62,2,1,1,18,3
59837,2016,238,43,1,1,1,12,4
59838,2016,239,34,2,1,1,16,1
59839,2016,240,36,1,16,2,12,0
59840,2016,241,37,1,16,2,12,0
59841,2016,242,32,1,1,2,14,2
59842,2016,243,53,2,16,2,7,0
59843,2016,244,42,1,1,1,12,0
59844,2016,245,51,1,16,30,12,5
59845,2016,246,44,2,4,1,17,1
59846,2016,247,36,2,1,1,13,2
59847,2016,248,49,1,1,1,15,0
59848,2016,249,49,2,3,2,12,0
59849,2016,250,35,2,1,1,16,3
59850,2016,251,47,1,1,1,20,0
59851,2016,252,29,1,2,1,14,0
59852,2016,253,36,1,2,1,18,1
59853,2016,254,31,1,1,30,12,0
59854,2016,255,19,1,2,1,12,4
59855,2016,256,25,1,2,1,12,0
59856,2016,257,30,2,1,2,16,2
59857,2016,258,62,1,1,1,13,1
59858,2016,259,35,2,1,1,20,1
59859,2016,260,41,1,16,2,14,3
59860,2016,261,62,2,1,1,20,1
59861,2016,262,20,1,1,2,13,1
59862,2016,263,42,1,1,2,12,0
59863,2016,264,30,2,2,1,13,4
59864,2016,265,26,2,16,24,17,0
59865,2016,266,58,2,1,41,16,0
59866,2016,267,47,2,1,1,12,1
59867,2016,268,61,2,2,1,13,0
59868,2016,269,44,1,1,2,11,5
59869,2016,270,75,2,1,1,18,0
59870,2016,271,44,2,1,1,18,1
59871,2016,272,36,2,1,2,16,0
59872,2016,273,62,2,1,1,16,1
59873,2016,274,37,1,1,1,16,0
59874,2016,275,69,2,1,1,13,4
59875,2016,276,48,1,1,1,15,2
59876,2016,277,44,2,1,1,20,0
59877,2016,278,59,1,1,1,16,5
59878,2016,279,61,2,1,1,14,0
59879,2016,280,31,1,1,2,10,0
59880,2016,281,54,2,1,2,9,2
59881,2016,282,49,2,1,1,14,2
59882,2016,283,47,2,1,2,12,2
59883,2016,284,99,2,1,2,13,1
59884,2016,285,83,2,1,1,12,3
59885,2016,286,38,1,2,1,14,2
59886,2016,287,47,1,2,1,14,0
59887,2016,288,28,1,1,1,14,1
59888,2016,289,73,2,1,1,12,1
59889,2016,290,31,2,1,1,17,1
59890,2016,291,55,1,1,1,19,0
59891,2016,292,61,1,1,1,16,0
59892,2016,293,50,1,1,1,19,1
59893,2016,294,67,2,1,1,11,1
59894,2016,295,41,1,1,2,12,3
59895,2016,296,22,2,16,6,12,0
59896,2016,297,60,2,1,1,19,1
59897,2016,298,36,2,99,3,16,1
59898,2016,299,39,2,6,1,16,1
59899,2016,300,40,1,2,1,17,0
59900,2016,301,23,2,2,1,13,1
59901,2016,302,63,2,2,1,9,2
59902,2016,303,60,1,2,1,13,0
59903,2016,304,40,1,2,1,13,2
59904,2016,305,40,1,2,1,14,2
59905,2016,306,30,2,1,2,19,1
59906,2016,307,43,2,16,3,12,0
59907,2016,308,52,2,16,3,10,0
59908,2016,309,99,1,1,1,16,2
59909,2016,310,25,2,16,2,13,0
59910,2016,311,99,1,1,1,20,0
59911,2016,312,58,1,1,1,16,0
59912,2016,313,60,1,1,1,12,1
59913,2016,314,44,1,1,1,16,0
59914,2016,315,69,1,1,1,16,2
59915,2016,316,66,1,1,1,15,0
59916,2016,317,43,1,2,1,12,1
59917,2016,318,37,1,1,1,12,0
59918,2016,319,28,1,16,6,12,3
59919,2016,320,69,2,1,1,16,1
59920,2016,321,27,2,16,2,8,2
59921,2016,322,60,2,1,1,18,0
59922,2016,323,62,2,2,1,14,2
59923,2016,324,74,1,2,1,14,3
59924,2016,325,32,2,1,2,12,3
59925,2016,326,68,2,1,1,12,2
59926,2016,327,39,1,1,2,12,3
59927,2016,328,21,2,3,2,12,1
59928,2016,329,52,2,1,1,16,1
59929,2016,330,46,1,1,1,16,1
59930,2016,331,56,1,1,1,12,2
59931,2016,332,60,1,1,1,16,0
59932,2016,333,22,1,1,1,15,0
59933,2016,334,42,1,99,1,13,3
59934,2016,335,35,1,4,2,9,3
59935,2016,336,42,2,16,3,16,0
59936,2016,337,58,1,1,1,17,4
59937,2016,338,32,2,1,1,18,0
59938,2016,339,59,2,1,1,16,2
59939,2016,340,20,1,1,1,14,0
59940,2016,341,44,1,1,1,18,1
59941,2016,342,34,2,1,1,12,0
59942,2016,343,62,2,1,1,18,4
59943,2016,344,59,1,1,1,16,0
59944,2016,345,51,2,1,1,16,1
59945,2016,346,37,1,1,1,19,0
59946,2016,347,50,1,1,1,20,0
59947,2016,348,40,2,1,1,15,1
59948,2016,349,53,1,1,1,12,0
59949,2016,350,52,1,1,1,12,5
59950,2016,351,52,2,1,1,14,4
59951,2016,352,36,2,1,1,18,1
59952,2016,353,46,2,1,1,12,0
59953,2016,354,56,1,1,1,12,5
59954,2016,355,64,2,1,1,13,2
59955,2016,356,62,2,2,1,19,4
59956,2016,357,35,2,16,5,16,2
59957,2016,358,60,1,1,1,16,0
59958,2016,359,36,2,2,1,14,5
59959,2016,360,62,2,1,1,13,1
59960,2016,361,30,1,1,1,16,1
59961,2016,362,27,1,1,1,12,0
59962,2016,363,79,1,1,1,16,1
59963,2016,364,60,2,1,1,12,2
59964,2016,365,51,1,1,1,18,2
59965,2016,366,42,2,1,1,12,0
59966,2016,367,59,1,1,1,9,5
59967,2016,368,49,1,1,1,15,0
59968,2016,369,53,2,1,1,13,1
59969,2016,370,47,1,1,1,13,1
59970,2016,371,41,2,10,1,20,3
59971,2016,372,47,2,1,1,18,0
59972,2016,373,64,1,1,1,12,5
59973,2016,374,80,2,4,1,18,1
59974,2016,375,61,2,1,1,14,0
59975,2016,376,34,2,1,1,16,0
59976,2016,377,31,1,2,1,12,0
59977,2016,378,29,2,1,1,16,1
59978,2016,379,99,1,1,1,13,4
59979,2016,380,68,2,2,1,18,0
59980,2016,381,89,1,1,1,20,0
59981,2016,382,76,2,1,1,16,0
59982,2016,383,64,1,1,1,12,4
59983,2016,384,40,2,2,1,13,2
59984,2016,385,27,2,2,1,18,0
59985,2016,386,56,2,2,1,16,4
59986,2016,387,71,2,2,1,16,3
59987,2016,388,29,2,2,1,16,0
59988,2016,389,74,2,1,1,16,5
59989,2016,390,30,2,2,1,18,0
59990,2016,391,65,2,2,1,16,4
59991,2016,392,41,2,2,1,12,1
59992,2016,393,38,1,1,1,20,1
59993,2016,394,49,1,1,1,14,0
59994,2016,395,25,1,1,1,16,1
59995,2016,396,25,2,1,21,18,1
59996,2016,397,26,2,2,1,16,1
59997,2016,398,34,2,1,1,18,1
59998,2016,399,34,2,1,1,16,0
59999,2016,400,36,1,2,1,16,1
60000,2016,401,59,1,1,1,11,2
60001,2016,402,49,2,1,1,13,0
60002,2016,403,45,2,1,1,14,4
60003,2016,404,34,1,2,1,12,0
60004,2016,405,44,1,5,1,16,2
60005,2016,406,66,2,1,1,12,1
60006,2016,407,53,2,1,1,12,0
60007,2016,408,59,2,7,1,20,0
60008,2016,409,43,2,1,1,16,1
60009,2016,410,44,1,1,1,18,2
60010,2016,411,68,1,1,1,19,0
60011,2016,412,37,1,1,1,20,5
60012,2016,413,37,1,1,1,15,0
60013,2016,414,48,1,1,1,18,4
60014,2016,415,34,2,2,1,12,3
60015,2016,416,25,1,2,1,12,2
60016,2016,417,44,2,1,1,13,1
60017,2016,418,63,2,2,1,10,4
60018,2016,419,26,1,2,1,12,0
60019,2016,420,64,2,2,1,14,5
60020,2016,421,21,1,1,10,13,0
60021,2016,422,31,2,2,1,10,5
60022,2016,423,27,2,1,1,12,0
60023,2016,424,53,2,1,1,20,1
60024,2016,425,70,2,1,1,18,0
60025,2016,426,53,2,1,1,16,2
60026,2016,427,59,1,1,1,18,2
60027,2016,428,47,1,1,1,18,1
60028,2016,429,27,1,2,1,10,0
60029,2016,430,52,1,16,10,10,5
60030,2016,431,26,2,6,35,11,1
60031,2016,432,24,2,1,1,12,0
60032,2016,433,25,2,3,5,11,5
60033,2016,434,44,1,16,6,6,3
60034,2016,435,29,1,1,1,13,4
60035,2016,436,57,2,1,1,16,0
60036,2016,437,61,1,1,1,13,4
60037,2016,438,66,1,1,1,14,2
60038,2016,439,48,2,2,1,11,0
60039,2016,440,26,1,1,1,16,1
60040,2016,441,29,2,1,1,16,1
60041,2016,442,48,1,1,1,16,0
60042,2016,443,30,1,1,1,20,1
60043,2016,444,56,1,1,1,12,1
60044,2016,445,28,1,1,1,12,2
60045,2016,446,99,2,99,99,14,0
60046,2016,447,65,1,1,1,12,5
60047,2016,448,43,1,1,1,12,0
60048,2016,449,49,1,1,1,16,1
60049,2016,450,19,2,1,1,12,0
60050,2016,451,30,2,1,1,14,1
60051,2016,452,67,1,1,1,12,2
60052,2016,453,37,2,1,2,15,0
60053,2016,454,40,1,1,1,12,0
60054,2016,455,65,1,1,1,17,3
60055,2016,456,63,2,1,2,12,3
60056,2016,457,34,2,4,1,17,1
60057,2016,458,37,2,1,1,16,1
60058,2016,459,48,2,1,1,18,0
60059,2016,460,81,1,1,1,12,5
60060,2016,461,58,2,1,1,20,1
60061,2016,462,64,2,1,1,18,0
60062,2016,463,37,2,1,1,20,1
60063,2016,464,66,1,1,1,16,0
60064,2016,465,31,1,1,1,19,1
60065,2016,466,64,1,1,1,16,0
60066,2016,467,57,2,1,1,18,1
60067,2016,468,59,2,1,4,20,1
60068,2016,469,29,2,1,1,16,0
60069,2016,470,59,1,1,1,16,1
60070,2016,471,59,2,1,1,18,1
60071,2016,472,71,1,1,1,16,0
60072,2016,473,36,1,1,1,18,0
60073,2016,474,29,1,1,1,13,2
60074,2016,475,28,1,1,1,16,1
60075,2016,476,76,2,2,1,12,0
60076,2016,477,71,2,1,1,9,2
60077,2016,478,24,1,1,1,16,0
60078,2016,479,61,2,1,1,12,2
60079,2016,480,34,2,6,1,19,1
60080,2016,481,48,1,1,1,14,1
60081,2016,482,27,1,1,1,16,1
60082,2016,483,26,2,1,1,16,2
60083,2016,484,31,2,16,3,12,4
60084,2016,485,61,2,1,1,14,0
60085,2016,486,44,2,1,1,18,2
60086,2016,487,84,1,1,1,14,0
60087,2016,488,73,1,1,1,20,1
60088,2016,489,37,1,1,1,12,1
60089,2016,490,82,2,1,1,14,4
60090,2016,491,29,1,16,6,12,3
60091,2016,492,72,2,1,1,10,0
60092,2016,493,37,1,3,3,2,0
60093,2016,494,32,1,4,1,20,1
60094,2016,495,23,2,3,6,12,0
60095,2016,496,50,1,3,2,12,3
60096,2016,497,34,1,1,1,13,5
60097,2016,498,42,2,1,1,12,0
60098,2016,499,58,2,1,1,12,1
60099,2016,500,33,2,1,1,12,0
60100,2016,501,58,2,1,1,13,2
60101,2016,502,22,1,1,1,15,1
60102,2016,503,24,2,1,1,14,2
60103,2016,504,32,2,2,1,12,3
60104,2016,505,20,1,1,1,12,4
60105,2016,506,19,1,1,1,12,0
60106,2016,507,54,2,1,1,16,1
60107,2016,508,21,2,1,1,15,0
60108,2016,509,55,2,1,1,16,3
60109,2016,510,42,2,1,1,16,1
60110,2016,511,65,2,1,1,12,0
60111,2016,512,68,2,1,1,18,1
60112,2016,513,59,2,1,1,14,4
60113,2016,514,32,1,1,1,12,1
60114,2016,515,51,1,1,1,13,1
60115,2016,516,69,1,1,1,12,0
60116,2016,517,34,2,1,1,19,1
60117,2016,518,24,1,1,1,15,8
60118,2016,519,45,2,1,1,17,1
60119,2016,520,34,2,1,1,10,0
60120,2016,521,58,1,1,1,13,1
60121,2016,522,47,2,1,1,20,1
60122,2016,523,50,1,1,1,18,1
60123,2016,524,33,2,5,1,16,1
60124,2016,525,85,1,1,1,17,0
60125,2016,526,45,2,1,1,16,0
60126,2016,527,23,2,1,2,14,1
60127,2016,528,33,1,1,1,18,1
60128,2016,529,51,2,5,1,16,3
60129,2016,530,52,2,1,1,16,2
60130,2016,531,78,2,1,1,14,0
60131,2016,532,69,1,1,1,20,1
60132,2016,533,62,2,1,1,16,0
60133,2016,534,74,2,1,1,17,1
60134,2016,535,76,1,6,1,16,0
60135,2016,536,76,2,1,1,17,1
60136,2016,537,47,1,3,2,6,1
60137,2016,538,31,2,1,10,12,5
60138,2016,539,87,2,1,1,12,2
60139,2016,540,28,1,98,2,11,0
60140,2016,541,47,1,2,1,14,0
60141,2016,542,58,2,1,1,18,1
60142,2016,543,32,1,2,1,13,0
60143,2016,544,47,2,1,1,20,0
60144,2016,545,27,2,2,1,20,1
60145,2016,546,57,2,1,1,16,0
60146,2016,547,32,2,2,1,13,1
60147,2016,548,24,1,1,2,12,1
60148,2016,549,81,2,1,24,6,0
60149,2016,550,19,2,7,1,12,1
60150,2016,551,44,2,5,2,12,0
60151,2016,552,41,1,1,2,7,2
60152,2016,553,67,1,2,1,12,0
60153,2016,554,36,1,2,1,14,0
60154,2016,555,33,1,4,1,16,1
60155,2016,556,48,1,16,2,10,5
60156,2016,557,47,2,16,2,12,1
60157,2016,558,72,2,1,1,15,1
60158,2016,559,60,2,1,1,19,1
60159,2016,560,89,2,1,1,8,0
60160,2016,561,45,2,16,2,6,4
60161,2016,562,70,2,1,1,20,1
60162,2016,563,79,2,6,1,12,2
60163,2016,564,37,2,1,2,14,1
60164,2016,565,39,2,1,1,17,2
60165,2016,566,57,2,1,1,12,2
60166,2016,567,55,2,2,1,15,1
60167,2016,568,28,1,1,1,14,3
60168,2016,569,58,1,1,1,13,0
60169,2016,570,64,2,1,1,9,2
60170,2016,571,32,1,1,1,16,0
60171,2016,572,63,1,1,1,16,4
60172,2016,573,47,2,2,1,16,8
60173,2016,574,40,2,2,1,12,0
60174,2016,575,38,1,1,1,14,2
60175,2016,576,63,2,1,1,16,0
60176,2016,577,49,2,5,1,18,8
60177,2016,578,74,2,1,1,12,2
60178,2016,579,66,2,2,1,12,0
60179,2016,580,34,1,1,1,16,1
60180,2016,581,42,1,1,1,12,5
60181,2016,582,66,1,1,1,8,0
60182,2016,583,46,2,2,1,12,4
60183,2016,584,51,1,2,1,14,5
60184,2016,585,20,2,1,2,12,0
60185,2016,586,54,2,1,1,7,1
60186,2016,587,55,1,2,1,12,0
60187,2016,588,58,1,2,1,14,0
60188,2016,589,53,1,1,1,12,5
60189,2016,590,36,1,1,1,17,5
60190,2016,591,76,1,1,1,15,5
60191,2016,592,33,2,1,1,14,3
60192,2016,593,69,2,1,1,20,1
60193,2016,594,32,1,1,1,13,5
60194,2016,595,48,2,1,1,13,1
60195,2016,596,72,2,1,1,20,4
60196,2016,597,66,2,1,1,14,0
60197,2016,598,85,2,1,1,12,2
60198,2016,599,68,2,1,1,13,2
60199,2016,600,53,1,1,1,20,0
60200,2016,601,75,2,1,1,14,5
60201,2016,602,25,2,1,1,12,0
60202,2016,603,52,1,1,1,12,5
60203,2016,604,80,2,1,1,12,3
60204,2016,605,67,1,1,1,13,4
60205,2016,606,21,2,1,1,13,0
60206,2016,607,31,2,2,1,13,1
60207,2016,608,69,1,1,1,14,0
60208,2016,609,47,2,2,1,20,4
60209,2016,610,34,1,2,1,16,0
60210,2016,611,33,2,1,2,12,8
60211,2016,612,53,2,2,1,11,5
60212,2016,613,47,2,2,1,12,5
60213,2016,614,57,1,1,1,12,2
60214,2016,615,58,2,1,1,18,1
60215,2016,616,55,2,1,1,14,5
60216,2016,617,65,2,1,1,12,0
60217,2016,618,62,2,2,1,20,2
60218,2016,619,26,2,1,2,14,2
60219,2016,620,31,2,1,2,16,0
60220,2016,621,44,1,16,10,12,0
60221,2016,622,68,2,2,1,12,0
60222,2016,623,73,2,1,1,10,5
60223,2016,624,57,2,2,1,12,5
60224,2016,625,57,2,1,1,16,0
60225,2016,626,48,2,1,1,16,2
60226,2016,627,58,2,1,1,16,5
60227,2016,628,36,2,1,1,16,0
60228,2016,629,79,2,1,1,20,1
60229,2016,630,55,1,1,1,16,1
60230,2016,631,19,1,5,1,11,0
60231,2016,632,54,2,1,1,16,1
60232,2016,633,60,1,1,1,16,0
60233,2016,634,52,2,5,1,14,4
60234,2016,635,80,2,1,1,14,5
60235,2016,636,58,1,1,1,16,0
60236,2016,637,69,2,1,1,12,1
60237,2016,638,49,2,1,1,17,2
60238,2016,639,75,1,1,1,16,2
60239,2016,640,67,2,1,1,12,0
60240,2016,641,51,2,1,1,18,2
60241,2016,642,57,2,1,1,16,0
60242,2016,643,34,1,1,1,16,2
60243,2016,644,29,2,4,1,16,3
60244,2016,645,44,2,3,1,9,1
60245,2016,646,49,2,1,50,12,0
60246,2016,647,52,2,5,1,19,0
60247,2016,648,54,1,5,1,19,4
60248,2016,649,48,2,1,1,15,4
60249,2016,650,34,2,3,1,16,0
60250,2016,651,44,2,2,1,16,0
60251,2016,652,33,1,1,1,19,1
60252,2016,653,31,2,1,1,13,1
60253,2016,654,30,2,1,1,20,0
60254,2016,655,77,2,2,1,11,0
60255,2016,656,78,2,3,1,13,1
60256,2016,657,47,1,2,1,12,1
60257,2016,658,58,1,2,1,12,2
60258,2016,659,52,1,2,1,15,0
60259,2016,660,49,2,2,1,16,5
60260,2016,661,83,2,2,1,12,4
60261,2016,662,23,1,1,1,13,1
60262,2016,663,36,2,1,1,19,0
60263,2016,664,79,2,1,1,16,5
60264,2016,665,61,2,1,1,12,5
60265,2016,666,40,1,1,1,13,3
60266,2016,667,27,2,1,1,12,0
60267,2016,668,57,2,1,1,12,2
60268,2016,669,27,1,2,1,12,2
60269,2016,670,66,2,1,1,16,0
60270,2016,671,74,2,2,1,12,3
60271,2016,672,57,2,1,1,12,1
60272,2016,673,27,2,1,1,14,1
60273,2016,674,28,2,16,3,12,0
60274,2016,675,33,2,16,3,11,1
60275,2016,676,39,1,4,1,18,1
60276,2016,677,27,1,1,1,16,0
60277,2016,678,34,1,4,1,18,2
60278,2016,679,28,1,1,3,15,2
60279,2016,680,50,1,2,1,16,0
60280,2016,681,30,1,2,1,14,2
60281,2016,682,68,2,1,1,12,1
60282,2016,683,70,2,1,1,3,0
60283,2016,684,55,1,2,1,10,5
60284,2016,685,59,1,2,1,12,2
60285,2016,686,60,2,2,1,13,3
60286,2016,687,19,2,2,1,12,0
60287,2016,688,19,1,16,11,10,5
60288,2016,689,48,2,2,1,14,4
60289,2016,690,27,1,2,1,12,5
60290,2016,691,33,2,1,5,12,3
60291,2016,692,79,1,2,1,9,0
60292,2016,693,56,1,2,1,11,4
60293,2016,694,53,1,1,2,9,2
60294,2016,695,32,1,15,1,12,4
60295,2016,696,21,1,2,1,13,3
60296,2016,697,42,1,1,2,7,0
60297,2016,698,28,2,2,1,12,0
60298,2016,699,22,2,1,2,5,2
60299,2016,700,40,1,16,2,13,3
60300,2016,701,44,1,1,1,11,0
60301,2016,702,22,1,1,5,15,1
60302,2016,703,35,2,4,1,16,2
60303,2016,704,64,2,1,1,12,1
60304,2016,705,40,2,2,1,16,0
60305,2016,706,36,2,2,15,19,0
60306,2016,707,51,2,1,2,12,3
60307,2016,708,54,1,1,2,9,0
60308,2016,709,36,1,1,2,12,4
60309,2016,710,44,2,1,2,6,0
60310,2016,711,37,1,2,4,12,2
60311,2016,712,50,2,1,4,18,0
60312,2016,713,25,2,98,4,16,1
60313,2016,714,44,1,16,11,0,4
60314,2016,715,22,2,1,2,12,0
60315,2016,716,40,2,1,4,6,4
60316,2016,717,28,2,16,2,12,5
60317,2016,718,40,2,1,2,12,0
60318,2016,719,59,2,16,8,14,3
60319,2016,720,37,2,1,2,12,0
60320,2016,721,26,1,1,2,17,1
60321,2016,722,27,1,1,2,14,3
60322,2016,723,69,2,1,1,12,1
60323,2016,724,53,2,1,5,12,4
60324,2016,725,52,1,2,1,12,5
60325,2016,726,42,1,1,2,14,0
60326,2016,727,60,2,1,2,6,5
60327,2016,728,60,1,1,1,16,2
60328,2016,729,59,2,2,1,16,2
60329,2016,730,57,1,16,2,14,2
60330,2016,731,30,2,2,1,13,0
60331,2016,732,37,2,1,1,14,3
60332,2016,733,40,2,1,46,14,2
60333,2016,734,33,1,2,1,15,0
60334,2016,735,51,2,2,1,15,1
60335,2016,736,46,1,1,1,14,0
60336,2016,737,52,2,2,1,16,0
60337,2016,738,99,2,2,1,20,3
60338,2016,739,77,2,1,1,13,5
60339,2016,740,56,2,1,1,16,4
60340,2016,741,25,1,1,1,12,2
60341,2016,742,48,2,1,1,13,1
60342,2016,743,61,1,1,1,12,3
60343,2016,744,19,2,1,1,13,0
60344,2016,745,36,2,15,2,6,2
60345,2016,746,28,2,2,1,15,4
60346,2016,747,23,1,2,1,16,2
60347,2016,748,29,2,2,1,15,2
60348,2016,749,69,1,1,1,18,0
60349,2016,750,35,1,2,1,16,0
60350,2016,751,38,2,2,1,14,4
60351,2016,752,31,2,2,1,14,0
60352,2016,753,42,2,2,1,14,0
60353,2016,754,78,1,1,1,18,1
60354,2016,755,31,2,16,2,10,0
60355,2016,756,67,2,16,10,11,3
60356,2016,757,48,2,1,3,16,4
60357,2016,758,68,1,2,1,14,1
60358,2016,759,42,1,2,1,12,5
60359,2016,760,65,2,1,1,14,1
60360,2016,761,44,2,1,1,11,0
60361,2016,762,77,2,1,1,13,5
60362,2016,763,62,2,1,1,14,5
60363,2016,764,51,1,1,1,8,3
60364,2016,765,21,2,2,1,12,0
60365,2016,766,28,2,1,1,12,3
60366,2016,767,20,2,1,1,13,0
60367,2016,768,19,2,1,1,12,0
60368,2016,769,53,2,1,1,12,3
60369,2016,770,40,2,2,1,15,2
60370,2016,771,51,1,1,1,16,2
60371,2016,772,65,1,2,1,13,2
60372,2016,773,51,2,2,1,13,5
60373,2016,774,60,1,2,1,14,3
60374,2016,775,57,1,2,1,12,5
60375,2016,776,70,2,1,1,13,0
60376,2016,777,53,2,2,1,12,5
60377,2016,778,37,2,2,1,16,0
60378,2016,779,56,1,2,1,12,5
60379,2016,780,59,2,2,1,12,0
60380,2016,781,21,2,2,1,13,1
60381,2016,782,59,1,1,1,11,0
60382,2016,783,66,1,1,1,13,0
60383,2016,784,56,1,1,4,17,0
60384,2016,785,56,2,2,1,12,0
60385,2016,786,24,2,2,1,14,5
60386,2016,787,87,2,2,1,12,5
60387,2016,788,22,2,2,1,13,3
60388,2016,789,51,1,2,1,12,9
60389,2016,790,56,2,2,1,12,0
60390,2016,791,47,2,2,1,18,9
60391,2016,792,18,1,1,4,11,0
60392,2016,793,26,2,1,4,8,0
60393,2016,794,27,2,2,11,14,3
60394,2016,795,20,1,16,4,14,1
60395,2016,796,33,2,2,3,12,0
60396,2016,797,31,2,1,4,12,1
60397,2016,798,70,2,1,1,16,0
60398,2016,799,51,2,1,1,17,1
60399,2016,800,87,2,1,1,16,1
60400,2016,801,54,2,1,1,16,1
60401,2016,802,81,2,1,1,12,1
60402,2016,803,25,1,2,1,14,0
60403,2016,804,47,1,2,1,12,4
60404,2016,805,65,1,2,1,16,5
60405,2016,806,75,1,1,4,12,4
60406,2016,807,46,1,1,1,16,3
60407,2016,808,51,1,1,1,12,0
60408,2016,809,53,1,1,1,19,1
60409,2016,810,45,2,1,1,16,3
60410,2016,811,18,2,1,1,12,0
60411,2016,812,52,2,1,1,17,1
60412,2016,813,56,2,1,1,16,1
60413,2016,814,34,1,1,1,16,0
60414,2016,815,58,2,2,1,16,3
60415,2016,816,59,1,2,1,12,0
60416,2016,817,69,2,2,1,16,2
60417,2016,818,67,2,2,1,12,2
60418,2016,819,54,2,2,1,16,5
60419,2016,820,53,1,15,1,14,5
60420,2016,821,47,2,2,1,14,1
60421,2016,822,47,1,2,1,16,8
60422,2016,823,63,2,2,1,5,4
60423,2016,824,32,2,2,1,18,3
60424,2016,825,28,2,1,1,16,0
60425,2016,826,23,2,1,3,13,3
60426,2016,827,53,2,1,1,16,0
60427,2016,828,39,2,15,1,11,5
60428,2016,829,38,2,2,1,14,4
60429,2016,830,51,1,1,1,12,3
60430,2016,831,66,2,1,1,16,1
60431,2016,832,54,1,1,1,20,2
60432,2016,833,68,1,1,1,12,1
60433,2016,834,58,1,1,1,16,5
60434,2016,835,47,1,1,1,18,0
60435,2016,836,33,2,1,1,18,2
60436,2016,837,66,2,1,1,16,1
60437,2016,838,27,1,1,1,12,1
60438,2016,839,54,1,1,1,14,0
60439,2016,840,53,1,1,1,12,2
60440,2016,841,54,1,1,1,18,1
60441,2016,842,51,2,1,1,12,0
60442,2016,843,67,1,1,1,12,4
60443,2016,844,67,2,1,1,12,0
60444,2016,845,65,2,1,1,12,4
60445,2016,846,23,2,2,1,14,0
60446,2016,847,27,2,2,1,15,2
60447,2016,848,28,1,2,1,12,5
60448,2016,849,34,2,1,1,16,0
60449,2016,850,27,2,1,1,16,1
60450,2016,851,60,1,2,1,8,2
60451,2016,852,26,1,1,1,16,0
60452,2016,853,74,2,1,1,12,5
60453,2016,854,44,2,1,1,12,1
60454,2016,855,31,1,1,1,12,0
60455,2016,856,63,1,1,1,11,2
60456,2016,857,72,2,1,1,12,2
60457,2016,858,25,1,1,1,17,1
60458,2016,859,35,1,6,1,18,1
60459,2016,860,56,1,2,1,13,2
60460,2016,861,20,2,10,1,13,0
60461,2016,862,75,1,6,1,12,1
60462,2016,863,43,2,6,1,16,2
60463,2016,864,28,2,6,1,16,0
60464,2016,865,68,1,1,1,14,3
60465,2016,866,61,2,1,1,16,1
60466,2016,867,46,2,1,1,15,1
60467,2016,868,53,1,1,1,18,3
60468,2016,869,79,2,1,1,13,0
60469,2016,870,35,2,1,1,16,1
60470,2016,871,70,2,1,1,18,0
60471,2016,872,59,2,1,3,12,0
60472,2016,873,54,1,2,1,99,9
60473,2016,874,47,1,1,1,9,1
60474,2016,875,22,2,2,3,13,0
60475,2016,876,65,2,3,1,15,0
60476,2016,877,81,2,1,1,13,2
60477,2016,878,74,1,1,1,19,0
60478,2016,879,77,2,1,1,17,1
60479,2016,880,22,1,6,30,13,0
60480,2016,881,54,1,1,1,17,1
60481,2016,882,48,2,1,1,16,0
60482,2016,883,43,1,1,1,16,1
60483,2016,884,27,2,1,1,15,4
60484,2016,885,30,2,4,1,16,1
60485,2016,886,52,1,1,1,20,1
60486,2016,887,55,2,1,1,14,1
60487,2016,888,40,1,1,1,16,1
60488,2016,889,51,1,1,1,15,0
60489,2016,890,21,2,98,2,14,2
60490,2016,891,29,1,1,1,12,0
60491,2016,892,83,2,1,1,12,0
60492,2016,893,81,2,1,1,15,1
60493,2016,894,66,2,2,1,20,1
60494,2016,895,72,1,1,1,16,0
60495,2016,896,78,2,1,1,12,1
60496,2016,897,80,1,7,1,12,0
60497,2016,898,60,2,1,1,14,0
60498,2016,899,24,1,1,30,14,0
60499,2016,900,81,1,1,1,18,0
60500,2016,901,33,2,1,1,16,1
60501,2016,902,89,2,1,1,8,0
60502,2016,903,23,1,6,1,13,1
60503,2016,904,22,2,1,1,13,1
60504,2016,905,31,1,1,1,13,0
60505,2016,906,34,2,16,2,10,0
60506,2016,907,87,2,1,1,11,4
60507,2016,908,47,2,1,1,12,0
60508,2016,909,35,1,1,1,12,2
60509,2016,910,76,2,1,1,9,0
60510,2016,911,44,2,1,1,10,1
60511,2016,912,27,2,1,1,16,0
60512,2016,913,19,2,1,1,13,4
60513,2016,914,39,2,16,2,17,0
60514,2016,915,58,2,1,1,20,0
60515,2016,916,42,2,1,2,12,5
60516,2016,917,71,2,1,1,12,0
60517,2016,918,43,2,16,2,13,2
60518,2016,919,30,2,2,3,14,1
60519,2016,920,51,2,1,1,18,2
60520,2016,921,39,2,1,1,12,5
60521,2016,922,27,2,1,1,12,0
60522,2016,923,66,1,1,1,17,2
60523,2016,924,60,1,2,1,16,0
60524,2016,925,19,2,1,1,12,1
60525,2016,926,30,1,1,1,12,1
60526,2016,927,37,2,1,1,14,1
60527,2016,928,50,1,1,1,12,5
60528,2016,929,35,2,16,2,13,5
60529,2016,930,44,1,1,1,20,0
60530,2016,931,70,2,1,2,12,1
60531,2016,932,20,2,16,47,11,0
60532,2016,933,33,2,1,2,9,3
60533,2016,934,51,1,1,2,12,4
60534,2016,935,62,1,16,2,9,5
60535,2016,936,46,2,1,1,13,1
60536,2016,937,47,1,1,2,12,5
60537,2016,938,56,2,1,1,17,1
60538,2016,939,27,2,1,1,18,2
60539,2016,940,27,2,1,1,17,4
60540,2016,941,40,1,2,1,17,5
60541,2016,942,32,2,98,2,14,0
60542,2016,943,63,2,1,1,16,1
60543,2016,944,38,2,1,1,16,0
60544,2016,945,35,1,3,1,13,4
60545,2016,946,79,2,3,1,10,5
60546,2016,947,47,1,3,1,12,2
60547,2016,948,43,1,11,1,14,1
60548,2016,949,44,2,3,2,14,1
60549,2016,950,34,2,3,1,8,0
60550,2016,951,43,2,3,1,13,1
60551,2016,952,28,2,2,1,12,5
60552,2016,953,44,2,1,1,16,1
60553,2016,954,54,2,2,1,14,4
60554,2016,955,79,2,2,1,12,2
60555,2016,956,59,1,2,1,12,0
60556,2016,957,28,2,2,1,12,2
60557,2016,958,52,1,2,1,12,3
60558,2016,959,63,2,1,1,12,0
60559,2016,960,30,1,2,1,12,3
60560,2016,961,24,2,2,1,12,3
60561,2016,962,29,1,2,1,12,2
60562,2016,963,46,1,1,1,12,0
60563,2016,964,73,2,1,1,12,5
60564,2016,965,57,1,1,1,12,2
60565,2016,966,20,2,1,1,12,0
60566,2016,967,51,1,1,1,16,5
60567,2016,968,43,1,14,1,15,0
60568,2016,969,65,1,1,1,16,1
60569,2016,970,28,1,1,1,14,3
60570,2016,971,25,1,1,1,15,1
60571,2016,972,40,1,1,1,10,2
60572,2016,973,56,1,2,1,12,1
60573,2016,974,34,1,4,1,19,0
60574,2016,975,27,1,1,2,13,2
60575,2016,976,59,2,1,1,14,1
60576,2016,977,25,2,1,1,12,0
60577,2016,978,56,1,1,1,16,3
60578,2016,979,61,2,1,1,12,3
60579,2016,980,56,2,1,1,12,2
60580,2016,981,46,2,1,1,14,0
60581,2016,982,35,2,15,2,19,1
60582,2016,983,31,2,1,2,16,0
60583,2016,984,57,1,1,1,12,5
60584,2016,985,50,2,1,1,13,5
60585,2016,986,25,1,1,2,13,1
60586,2016,987,59,2,1,5,16,4
60587,2016,988,73,1,1,1,14,1
60588,2016,989,60,1,16,2,12,3
60589,2016,990,66,1,1,2,12,0
60590,2016,991,84,1,16,2,6,4
60591,2016,992,57,2,16,2,11,5
60592,2016,993,68,1,1,1,12,0
60593,2016,994,35,2,1,2,12,3
60594,2016,995,28,2,4,1,16,5
60595,2016,996,35,2,1,1,17,0
60596,2016,997,42,2,1,1,17,1
60597,2016,998,38,2,1,1,12,1
60598,2016,999,69,1,1,2,8,2
60599,2016,1000,68,1,1,1,12,5
60600,2016,1001,44,1,1,2,14,1
60601,2016,1002,67,1,1,1,16,2
60602,2016,1003,28,2,1,1,12,0
60603,2016,1004,45,2,1,1,20,2
60604,2016,1005,62,1,1,1,16,0
60605,2016,1006,68,2,2,1,18,2
60606,2016,1007,34,2,1,1,17,2
60607,2016,1008,32,2,1,1,19,0
60608,2016,1009,24,2,1,1,11,1
60609,2016,1010,31,2,1,1,20,0
60610,2016,1011,32,2,2,1,16,5
60611,2016,1012,22,1,1,1,12,1
60612,2016,1013,25,1,2,2,15,0
60613,2016,1014,34,2,2,1,16,0
60614,2016,1015,35,2,98,2,12,5
60615,2016,1016,60,2,2,30,15,0
60616,2016,1017,64,2,1,1,12,1
60617,2016,1018,26,1,2,1,12,4
60618,2016,1019,30,1,1,1,10,0
60619,2016,1020,63,1,1,1,18,1
60620,2016,1021,46,1,1,1,17,0
60621,2016,1022,24,1,5,1,14,0
60622,2016,1023,32,1,1,1,14,3
60623,2016,1024,61,1,1,1,17,2
60624,2016,1025,57,2,1,1,19,0
60625,2016,1026,40,1,1,1,18,1
60626,2016,1027,42,2,1,1,17,0
60627,2016,1028,64,2,1,1,16,5
60628,2016,1029,50,2,1,1,16,0
60629,2016,1030,41,1,1,1,20,3
60630,2016,1031,58,1,1,1,20,0
60631,2016,1032,71,2,1,1,13,0
60632,2016,1033,58,2,1,1,18,0
60633,2016,1034,55,1,1,1,16,2
60634,2016,1035,65,2,1,1,17,1
60635,2016,1036,27,1,1,1,17,0
60636,2016,1037,43,1,1,1,19,1
60637,2016,1038,29,2,1,1,16,0
60638,2016,1039,56,1,1,1,16,1
60639,2016,1040,67,2,1,1,20,1
60640,2016,1041,21,1,1,1,13,0
60641,2016,1042,69,1,1,1,12,5
60642,2016,1043,62,2,1,1,16,0
60643,2016,1044,23,2,1,1,12,2
60644,2016,1045,43,2,1,1,16,5
60645,2016,1046,46,2,1,1,14,4
60646,2016,1047,34,1,1,1,16,2
60647,2016,1048,40,1,1,1,19,0
60648,2016,1049,56,1,1,1,16,2
60649,2016,1050,25,2,1,1,16,1
60650,2016,1051,77,2,1,1,12,2
60651,2016,1052,30,1,1,1,17,1
60652,2016,1053,70,1,1,1,15,0
60653,2016,1054,70,2,1,1,13,1
60654,2016,1055,79,1,1,1,16,4
60655,2016,1056,59,1,1,1,16,2
60656,2016,1057,61,2,1,1,16,0
60657,2016,1058,68,1,1,1,14,3
60658,2016,1059,29,1,2,1,12,1
60659,2016,1060,31,2,2,1,12,1
60660,2016,1061,32,1,1,1,18,0
60661,2016,1062,27,2,2,1,12,1
60662,2016,1063,47,1,2,3,12,5
60663,2016,1064,35,1,1,1,14,1
60664,2016,1065,54,1,1,1,12,0
60665,2016,1066,54,1,2,1,9,2
60666,2016,1067,31,1,2,1,15,2
60667,2016,1068,55,2,1,1,13,3
60668,2016,1069,61,2,2,1,14,5
60669,2016,1070,26,1,1,1,13,1
60670,2016,1071,60,2,1,1,12,3
60671,2016,1072,60,2,1,1,9,0
60672,2016,1073,25,1,1,1,16,1
60673,2016,1074,56,1,1,1,16,5
60674,2016,1075,57,1,15,1,12,5
60675,2016,1076,49,1,2,1,11,0
60676,2016,1077,82,1,2,1,10,2
60677,2016,1078,53,1,2,1,11,0
60678,2016,1079,22,2,2,1,13,1
60679,2016,1080,29,1,2,1,14,1
60680,2016,1081,50,2,1,1,13,0
60681,2016,1082,35,2,1,1,16,2
60682,2016,1083,56,1,1,1,16,3
60683,2016,1084,82,1,1,1,12,5
60684,2016,1085,39,1,1,1,9,5
60685,2016,1086,50,2,1,1,8,4
60686,2016,1087,50,2,1,1,12,0
60687,2016,1088,22,1,1,1,13,2
60688,2016,1089,52,2,1,1,18,1
60689,2016,1090,66,2,1,1,20,1
60690,2016,1091,38,2,1,1,11,2
60691,2016,1092,39,2,1,1,12,3
60692,2016,1093,38,1,1,1,11,0
60693,2016,1094,62,2,1,1,12,0
60694,2016,1095,43,2,2,1,14,1
60695,2016,1096,53,2,1,1,12,0
60696,2016,1097,39,1,1,1,12,1
60697,2016,1098,23,2,1,1,15,0
60698,2016,1099,69,2,1,1,19,1
60699,2016,1100,56,2,1,1,12,2
60700,2016,1101,77,1,1,1,20,0
60701,2016,1102,77,1,1,1,12,4
60702,2016,1103,61,1,1,1,12,4
60703,2016,1104,39,2,1,1,13,4
60704,2016,1105,83,2,4,1,8,4
60705,2016,1106,65,1,1,1,12,0
60706,2016,1107,27,1,1,1,12,4
60707,2016,1108,59,1,2,1,13,0
60708,2016,1109,63,2,1,1,16,2
60709,2016,1110,50,1,1,1,15,0
60710,2016,1111,72,1,1,1,12,4
60711,2016,1112,42,2,1,1,14,2
60712,2016,1113,52,2,1,1,18,2
60713,2016,1114,75,1,1,1,13,2
60714,2016,1115,40,2,1,1,16,1
60715,2016,1116,69,2,1,1,16,0
60716,2016,1117,62,2,1,1,16,1
60717,2016,1118,42,1,1,1,18,5
60718,2016,1119,82,2,1,1,15,0
60719,2016,1120,74,2,1,1,13,0
60720,2016,1121,83,2,1,1,15,1
60721,2016,1122,76,1,1,1,14,1
60722,2016,1123,52,2,1,1,20,1
60723,2016,1124,23,1,1,1,17,0
60724,2016,1125,19,1,2,1,12,1
60725,2016,1126,51,2,2,1,11,5
60726,2016,1127,37,2,15,1,12,0
60727,2016,1128,53,2,2,1,9,0
60728,2016,1129,51,1,2,1,99,5
60729,2016,1130,28,1,1,1,16,2
60730,2016,1131,31,1,2,1,14,1
60731,2016,1132,43,1,1,22,13,2
60732,2016,1133,89,1,2,1,14,4
60733,2016,1134,56,1,16,3,10,8
60734,2016,1135,19,2,15,1,12,0
60735,2016,1136,58,1,1,1,12,3
60736,2016,1137,38,1,10,1,16,3
60737,2016,1138,47,2,1,1,16,1
60738,2016,1139,48,2,1,1,11,3
60739,2016,1140,38,1,1,1,12,0
60740,2016,1141,26,1,1,1,14,1
60741,2016,1142,23,2,1,5,9,5
60742,2016,1143,44,2,1,1,12,0
60743,2016,1144,30,2,1,1,10,1
60744,2016,1145,99,1,1,2,10,2
60745,2016,1146,35,1,2,1,12,0
60746,2016,1147,49,2,1,4,17,1
60747,2016,1148,52,1,16,21,12,0
60748,2016,1149,73,1,1,3,12,0
60749,2016,1150,52,2,1,1,12,1
60750,2016,1151,22,1,99,1,13,1
60751,2016,1152,26,2,1,1,16,0
60752,2016,1153,42,1,1,1,7,2
60753,2016,1154,46,2,2,1,13,0
60754,2016,1155,24,1,2,1,12,3
60755,2016,1156,27,2,16,3,11,0
60756,2016,1157,33,2,2,1,12,4
60757,2016,1158,46,2,99,3,12,4
60758,2016,1159,54,2,1,1,14,2
60759,2016,1160,47,1,1,1,12,4
60760,2016,1161,53,1,1,2,12,0
60761,2016,1162,62,1,1,1,16,1
60762,2016,1163,48,1,2,1,12,5
60763,2016,1164,41,2,1,1,12,0
60764,2016,1165,32,1,1,1,20,1
60765,2016,1166,31,1,1,1,12,1
60766,2016,1167,40,1,1,23,15,0
60767,2016,1168,37,2,1,1,16,4
60768,2016,1169,40,2,1,1,16,0
60769,2016,1170,36,1,1,1,16,1
60770,2016,1171,47,1,2,3,7,2
60771,2016,1172,37,2,1,1,19,1
60772,2016,1173,89,1,1,1,11,2
60773,2016,1174,71,2,1,1,16,2
60774,2016,1175,21,2,1,1,13,1
60775,2016,1176,80,2,1,1,16,0
60776,2016,1177,67,2,1,1,17,1
60777,2016,1178,34,1,1,1,11,1
60778,2016,1179,65,1,3,1,14,2
60779,2016,1180,68,2,15,1,12,5
60780,2016,1181,38,2,1,2,6,4
60781,2016,1182,67,2,1,1,13,0
60782,2016,1183,59,2,1,1,15,0
60783,2016,1184,52,2,4,1,12,4
60784,2016,1185,49,2,3,1,18,2
60785,2016,1186,63,1,16,2,6,2
60786,2016,1187,26,1,1,1,15,1
60787,2016,1188,70,2,1,1,15,1
60788,2016,1189,21,2,1,2,15,1
60789,2016,1190,69,1,1,1,12,1
60790,2016,1191,51,1,2,1,12,0
60791,2016,1192,39,1,1,1,15,2
60792,2016,1193,35,1,2,1,15,0
60793,2016,1194,29,1,16,30,12,2
60794,2016,1195,45,1,1,1,12,2
60795,2016,1196,41,1,1,1,20,2
60796,2016,1197,46,1,1,1,16,1
60797,2016,1198,23,1,5,4,16,4
60798,2016,1199,31,2,1,1,11,1
60799,2016,1200,47,1,1,1,16,8
60800,2016,1201,45,2,6,1,16,3
60801,2016,1202,58,2,1,1,16,1
60802,2016,1203,26,1,1,1,14,0
60803,2016,1204,66,1,1,1,17,3
60804,2016,1205,35,2,2,1,16,0
60805,2016,1206,41,1,99,1,7,2
60806,2016,1207,44,2,1,1,18,5
60807,2016,1208,66,1,1,1,12,0
60808,2016,1209,57,1,1,1,12,3
60809,2016,1210,89,1,1,1,16,2
60810,2016,1211,27,2,1,1,14,0
60811,2016,1212,43,1,2,1,12,0
60812,2016,1213,64,1,2,1,14,4
60813,2016,1214,44,2,2,1,12,0
60814,2016,1215,65,2,2,1,13,5
60815,2016,1216,24,2,1,1,11,0
60816,2016,1217,72,2,1,1,12,1
60817,2016,1218,22,1,1,3,14,0
60818,2016,1219,57,2,1,1,19,3
60819,2016,1220,63,2,1,1,12,1
60820,2016,1221,55,2,3,1,17,1
60821,2016,1222,56,1,1,1,16,0
60822,2016,1223,87,1,1,1,16,0
60823,2016,1224,53,2,1,1,14,4
60824,2016,1225,36,1,1,1,20,0
60825,2016,1226,52,2,1,1,12,5
60826,2016,1227,37,1,1,1,18,0
60827,2016,1228,75,1,1,1,14,1
60828,2016,1229,24,1,1,1,12,0
60829,2016,1230,28,2,1,1,16,1
60830,2016,1231,21,2,1,1,14,0
60831,2016,1232,48,1,1,1,9,5
60832,2016,1233,68,2,1,1,12,0
60833,2016,1234,59,2,1,1,12,1
60834,2016,1235,40,1,1,1,12,5
60835,2016,1236,35,2,1,1,16,2
60836,2016,1237,51,1,1,1,14,3
60837,2016,1238,40,1,2,1,16,0
60838,2016,1239,47,2,1,1,13,4
60839,2016,1240,45,1,1,1,16,2
60840,2016,1241,48,2,1,1,16,1
60841,2016,1242,23,1,2,1,12,0
60842,2016,1243,26,1,1,1,20,1
60843,2016,1244,33,1,5,1,16,2
60844,2016,1245,48,2,2,1,16,3
60845,2016,1246,36,2,10,1,16,1
60846,2016,1247,19,1,2,1,13,0
60847,2016,1248,49,1,2,1,12,4
60848,2016,1249,38,1,1,1,20,1
60849,2016,1250,44,2,1,1,16,0
60850,2016,1251,29,2,2,1,17,0
60851,2016,1252,28,2,2,1,19,4
60852,2016,1253,42,2,1,1,18,0
60853,2016,1254,60,1,15,1,10,1
60854,2016,1255,43,1,1,5,11,4
60855,2016,1256,37,2,2,1,14,0
60856,2016,1257,54,1,1,1,16,1
60857,2016,1258,30,1,1,1,12,0
60858,2016,1259,69,1,1,1,12,5
60859,2016,1260,60,2,1,1,12,3
60860,2016,1261,55,2,1,1,12,1
60861,2016,1262,63,1,1,1,14,5
60862,2016,1263,50,1,1,1,12,0
60863,2016,1264,68,2,1,1,12,5
60864,2016,1265,36,2,1,1,14,1
60865,2016,1266,77,1,1,1,16,5
60866,2016,1267,25,2,1,1,16,0
60867,2016,1268,26,1,1,1,12,1
60868,2016,1269,49,2,1,1,12,0
60869,2016,1270,46,2,1,1,11,4
60870,2016,1271,77,2,1,1,8,2
60871,2016,1272,30,2,1,1,20,0
60872,2016,1273,54,1,1,1,16,1
60873,2016,1274,29,1,1,1,8,0
60874,2016,1275,52,1,1,1,13,5
60875,2016,1276,25,2,1,1,11,1
60876,2016,1277,21,2,16,2,8,2
60877,2016,1278,42,2,1,1,14,5
60878,2016,1279,37,2,1,1,12,0
60879,2016,1280,49,2,1,1,12,4
60880,2016,1281,56,2,1,1,12,1
60881,2016,1282,30,2,1,1,14,0
60882,2016,1283,67,1,1,1,12,5
60883,2016,1284,23,2,1,1,16,1
60884,2016,1285,31,1,1,1,20,0
60885,2016,1286,55,1,1,1,12,0
60886,2016,1287,24,2,1,1,12,5
60887,2016,1288,67,1,2,1,14,5
60888,2016,1289,62,2,2,1,6,0
60889,2016,1290,62,2,2,1,13,4
60890,2016,1291,23,1,99,41,16,0
60891,2016,1292,50,1,2,1,13,4
60892,2016,1293,54,1,2,1,14,5
60893,2016,1294,58,2,2,1,11,2
60894,2016,1295,34,2,2,1,12,1
60895,2016,1296,37,2,2,1,13,0
60896,2016,1297,29,2,2,1,13,2
60897,2016,1298,52,2,1,1,16,0
60898,2016,1299,39,2,1,1,16,0
60899,2016,1300,70,2,1,1,16,3
60900,2016,1301,73,2,1,30,14,2
60901,2016,1302,31,2,1,1,19,0
60902,2016,1303,25,2,1,2,12,1
60903,2016,1304,62,1,1,2,13,2
60904,2016,1305,66,1,3,1,14,2
60905,2016,1306,65,2,1,2,9,4
60906,2016,1307,58,1,16,2,14,1
60907,2016,1308,65,2,3,2,6,2
60908,2016,1309,57,1,1,2,12,0
60909,2016,1310,57,1,3,2,9,4
60910,2016,1311,30,1,1,1,9,4
60911,2016,1312,26,2,1,1,12,0
60912,2016,1313,28,2,2,11,6,0
60913,2016,1314,58,1,1,2,14,4
60914,2016,1315,77,1,1,2,9,0
60915,2016,1316,39,2,1,2,12,2
60916,2016,1317,67,1,1,1,16,5
60917,2016,1318,70,1,1,1,12,0
60918,2016,1319,85,2,1,1,12,3
60919,2016,1320,69,2,1,1,16,4
60920,2016,1321,87,2,1,1,12,0
60921,2016,1322,66,2,1,1,12,1
60922,2016,1323,31,1,1,1,16,5
60923,2016,1324,63,2,1,1,17,1
60924,2016,1325,78,2,1,1,12,5
60925,2016,1326,68,1,1,1,16,1
60926,2016,1327,51,1,10,1,16,3
60927,2016,1328,30,1,1,1,16,0
60928,2016,1329,32,2,1,1,16,1
60929,2016,1330,39,1,2,1,18,2
60930,2016,1331,42,1,1,1,18,0
60931,2016,1332,48,2,2,1,19,1
60932,2016,1333,34,2,1,1,18,0
60933,2016,1334,68,1,2,1,14,2
60934,2016,1335,52,1,1,1,16,2
60935,2016,1336,83,2,1,1,19,2
60936,2016,1337,73,1,1,1,20,1
60937,2016,1338,38,1,1,1,16,0
60938,2016,1339,77,2,1,1,10,4
60939,2016,1340,36,1,1,1,12,0
60940,2016,1341,36,1,1,1,12,1
60941,2016,1342,65,1,1,1,13,3
60942,2016,1343,24,1,1,1,12,0
60943,2016,1344,63,1,1,1,16,2
60944,2016,1345,53,2,1,1,14,0
60945,2016,1346,35,2,1,1,16,1
60946,2016,1347,27,1,99,99,99,9
60947,2016,1348,76,1,1,1,12,0
60948,2016,1349,48,1,1,1,16,5
60949,2016,1350,27,1,1,1,17,2
60950,2016,1351,72,2,1,1,12,0
60951,2016,1352,34,1,1,1,10,1
60952,2016,1353,38,2,1,1,99,0
60953,2016,1354,30,2,1,1,15,0
60954,2016,1355,42,1,1,1,16,1
60955,2016,1356,43,1,1,1,12,4
60956,2016,1357,80,2,1,1,15,2
60957,2016,1358,80,1,1,1,14,5
60958,2016,1359,22,1,1,1,12,1
60959,2016,1360,42,2,1,1,12,5
60960,2016,1361,49,2,1,1,9,1
60961,2016,1362,41,1,1,1,16,2
60962,2016,1363,57,1,2,1,9,0
60963,2016,1364,49,1,2,1,13,5
60964,2016,1365,40,2,2,1,8,8
60965,2016,1366,66,2,2,1,12,0
60966,2016,1367,81,2,3,1,10,5
60967,2016,1368,87,2,1,1,12,3
60968,2016,1369,59,1,1,1,17,0
60969,2016,1370,52,1,2,1,15,4
60970,2016,1371,58,2,2,1,12,3
60971,2016,1372,30,1,1,1,12,0
60972,2016,1373,26,2,1,1,17,1
60973,2016,1374,20,1,1,1,14,1
60974,2016,1375,20,1,1,1,13,0
60975,2016,1376,23,1,1,1,16,3
60976,2016,1377,25,2,1,1,16,5
60977,2016,1378,20,1,1,1,13,0
60978,2016,1379,31,1,1,1,17,1
60979,2016,1380,26,2,4,1,16,0
60980,2016,1381,19,2,1,1,13,1
60981,2016,1382,30,1,1,1,14,1
60982,2016,1383,23,2,1,1,17,0
60983,2016,1384,23,1,1,1,14,2
60984,2016,1385,53,1,1,1,16,1
60985,2016,1386,19,2,1,1,13,0
60986,2016,1387,40,2,1,1,16,0
60987,2016,1388,52,2,1,1,12,1
60988,2016,1389,47,1,3,1,12,1
60989,2016,1390,38,1,3,1,7,0
60990,2016,1391,54,2,1,1,12,5
60991,2016,1392,47,2,1,1,14,0
60992,2016,1393,67,2,1,1,18,2
60993,2016,1394,57,1,1,1,20,3
60994,2016,1395,89,1,1,1,13,2
60995,2016,1396,51,2,16,30,15,0
60996,2016,1397,32,2,1,1,13,2
60997,2016,1398,22,2,1,1,13,5
60998,2016,1399,42,1,1,1,12,0
60999,2016,1400,37,2,1,2,11,2
61000,2016,1401,54,1,1,5,16,5
61001,2016,1402,24,2,2,1,15,2
61002,2016,1403,25,2,1,1,14,2
61003,2016,1404,44,2,2,1,12,1
61004,2016,1405,25,1,1,30,14,2
61005,2016,1406,24,1,1,1,15,2
61006,2016,1407,78,2,1,1,12,4
61007,2016,1408,23,2,1,1,12,0
61008,2016,1409,38,1,1,2,6,1
61009,2016,1410,57,1,1,2,8,4
61010,2016,1411,70,2,1,1,12,2
61011,2016,1412,69,1,1,1,12,0
61012,2016,1413,77,2,2,4,9,1
61013,2016,1414,85,2,1,1,12,4
61014,2016,1415,25,1,1,1,13,0
61015,2016,1416,62,1,1,1,14,1
61016,2016,1417,84,2,1,1,12,2
61017,2016,1418,71,2,1,1,11,5
61018,2016,1419,54,2,1,1,16,0
61019,2016,1420,74,1,1,1,12,0
61020,2016,1421,37,1,1,1,19,0
61021,2016,1422,80,1,1,1,14,1
61022,2016,1423,74,1,1,1,8,0
61023,2016,1424,37,2,1,1,12,3
61024,2016,1425,33,2,1,1,15,0
61025,2016,1426,62,2,1,1,12,2
61026,2016,1427,74,1,1,1,12,5
61027,2016,1428,83,2,4,1,16,0
61028,2016,1429,40,2,1,1,15,1
61029,2016,1430,57,2,1,1,20,0
61030,2016,1431,50,1,1,1,13,0
61031,2016,1432,31,1,1,1,14,2
61032,2016,1433,36,1,1,1,18,2
61033,2016,1434,83,1,1,1,9,5
61034,2016,1435,58,1,1,1,1,1
61035,2016,1436,29,1,1,1,13,1
61036,2016,1437,50,1,1,1,12,2
61037,2016,1438,64,1,1,1,18,5
61038,2016,1439,43,1,1,1,16,0
61039,2016,1440,54,1,1,1,18,0
61040,2016,1441,72,1,1,1,17,1
61041,2016,1442,31,2,1,1,16,1
61042,2016,1443,30,1,1,1,16,1
61043,2016,1444,36,2,1,1,18,1
61044,2016,1445,72,1,1,1,13,0
61045,2016,1446,56,2,1,1,12,2
61046,2016,1447,29,2,1,1,14,1
61047,2016,1448,83,2,1,1,16,2
61048,2016,1449,80,2,1,1,17,3
61049,2016,1450,61,1,1,1,12,4
61050,2016,1451,53,1,1,1,12,0
61051,2016,1452,61,2,1,1,16,0
61052,2016,1453,52,2,1,1,14,4
61053,2016,1454,37,1,16,2,13,0
61054,2016,1455,24,2,1,1,12,2
61055,2016,1456,50,2,1,1,17,0
61056,2016,1457,28,2,1,1,12,1
61057,2016,1458,30,2,1,1,12,2
61058,2016,1459,36,1,1,1,12,0
61059,2016,1460,24,1,1,1,16,0
61060,2016,1461,63,2,6,1,13,2
61061,2016,1462,22,1,1,1,15,0
61062,2016,1463,20,1,1,1,13,1
61063,2016,1464,31,2,1,2,11,0
61064,2016,1465,31,2,2,1,12,4
61065,2016,1466,74,1,1,1,14,3
61066,2016,1467,83,2,1,1,11,0
61067,2016,1468,61,1,1,1,18,5
61068,2016,1469,22,1,1,1,14,0
61069,2016,1470,63,2,1,1,14,5
61070,2016,1471,46,1,1,1,12,1
61071,2016,1472,83,2,1,1,20,5
61072,2016,1473,38,2,1,1,16,0
61073,2016,1474,80,1,1,1,14,4
61074,2016,1475,58,2,1,1,13,1
61075,2016,1476,52,2,1,1,12,2
61076,2016,1477,31,2,1,1,12,1
61077,2016,1478,34,1,1,1,15,2
61078,2016,1479,31,2,1,1,12,0
61079,2016,1480,63,1,1,1,13,0
61080,2016,1481,57,2,1,1,16,3
61081,2016,1482,45,1,3,1,14,0
61082,2016,1483,60,1,1,1,9,1
61083,2016,1484,67,2,1,1,11,4
61084,2016,1485,63,1,2,1,12,0
61085,2016,1486,50,1,99,1,20,2
61086,2016,1487,29,1,16,2,11,0
61087,2016,1488,23,2,1,1,12,1
61088,2016,1489,59,1,1,1,12,5
61089,2016,1490,38,2,1,1,19,2
61090,2016,1491,32,2,1,1,16,0
61091,2016,1492,32,1,8,1,14,5
61092,2016,1493,48,1,1,1,14,1
61093,2016,1494,64,2,1,1,13,4
61094,2016,1495,30,2,1,1,16,0
61095,2016,1496,25,2,2,1,15,5
61096,2016,1497,48,2,2,1,12,2
61097,2016,1498,29,2,1,2,6,0
61098,2016,1499,23,1,1,1,17,2
61099,2016,1500,44,1,1,1,14,1
61100,2016,1501,55,2,2,1,18,0
61101,2016,1502,25,1,1,1,16,3
61102,2016,1503,59,1,1,1,17,5
61103,2016,1504,60,1,2,1,17,0
61104,2016,1505,53,2,1,1,17,1
61105,2016,1506,46,1,1,1,12,4
61106,2016,1507,86,2,1,1,12,2
61107,2016,1508,29,2,2,1,12,1
61108,2016,1509,70,2,1,1,12,0
61109,2016,1510,50,2,1,1,16,5
61110,2016,1511,79,2,1,1,16,2
61111,2016,1512,29,1,1,1,16,0
61112,2016,1513,50,2,1,1,12,1
61113,2016,1514,61,1,1,1,16,2
61114,2016,1515,23,2,1,3,12,0
61115,2016,1516,21,2,1,1,14,1
61116,2016,1517,29,2,1,1,15,1
61117,2016,1518,80,2,1,1,12,0
61118,2016,1519,25,2,1,1,15,3
61119,2016,1520,71,2,1,1,0,5
61120,2016,1521,68,2,1,1,13,0
61121,2016,1522,55,1,1,1,12,2
61122,2016,1523,47,1,1,1,16,1
61123,2016,1524,64,1,1,1,14,0
61124,2016,1525,73,2,1,3,8,8
61125,2016,1526,80,2,1,1,12,2
61126,2016,1527,57,2,1,1,16,0
61127,2016,1528,55,2,1,1,16,0
61128,2016,1529,86,2,1,1,12,2
61129,2016,1530,47,1,1,1,20,2
61130,2016,1531,52,1,1,1,18,1
61131,2016,1532,61,2,1,1,14,2
61132,2016,1533,34,1,1,1,20,0
61133,2016,1534,65,1,1,1,18,0
61134,2016,1535,69,2,1,1,12,0
61135,2016,1536,53,1,1,1,18,2
61136,2016,1537,64,2,1,1,19,2
61137,2016,1538,68,1,1,1,16,0
61138,2016,1539,66,2,1,1,14,2
61139,2016,1540,43,1,2,1,13,5
61140,2016,1541,21,2,1,1,11,0
61141,2016,1542,60,2,1,1,13,4
61142,2016,1543,46,2,1,1,12,0
61143,2016,1544,23,1,1,1,15,4
61144,2016,1545,33,1,1,1,8,0
61145,2016,1546,66,1,1,1,18,1
61146,2016,1547,43,2,16,15,11,4
61147,2016,1548,40,2,16,3,12,0
61148,2016,1549,59,2,1,1,16,1
61149,2016,1550,66,1,1,1,12,0
61150,2016,1551,42,2,16,15,17,0
61151,2016,1552,54,1,1,1,16,0
61152,2016,1553,24,1,1,1,14,1
61153,2016,1554,36,2,1,1,14,1
61154,2016,1555,52,1,1,1,12,0
61155,2016,1556,26,1,1,1,12,1
61156,2016,1557,64,2,1,1,12,2
61157,2016,1558,77,1,1,1,12,0
61158,2016,1559,63,2,99,1,99,9
61159,2016,1560,58,1,1,1,16,1
61160,2016,1561,76,2,1,1,16,1
61161,2016,1562,68,1,1,1,16,1
61162,2016,1563,89,2,1,1,12,2
61163,2016,1564,20,2,1,1,13,0
61164,2016,1565,63,2,1,1,12,5
61165,2016,1566,57,2,1,1,14,1
61166,2016,1567,66,2,1,1,11,2
61167,2016,1568,63,2,1,1,18,1
61168,2016,1569,75,1,1,1,20,1
61169,2016,1570,66,2,1,1,19,1
61170,2016,1571,53,1,1,1,16,0
61171,2016,1572,49,2,1,1,16,1
61172,2016,1573,57,1,1,1,18,1
61173,2016,1574,41,2,1,1,13,1
61174,2016,1575,42,2,1,1,18,1
61175,2016,1576,38,1,1,1,16,1
61176,2016,1577,34,1,1,3,11,5
61177,2016,1578,72,1,1,1,9,0
61178,2016,1579,39,2,2,1,10,2
61179,2016,1580,38,2,1,1,10,1
61180,2016,1581,55,1,1,1,12,4
61181,2016,1582,85,1,1,1,18,5
61182,2016,1583,32,1,1,1,14,1
61183,2016,1584,42,2,2,1,16,0
61184,2016,1585,35,1,1,1,13,1
61185,2016,1586,33,2,3,1,9,0
61186,2016,1587,32,2,2,1,14,4
61187,2016,1588,67,2,1,1,18,2
61188,2016,1589,28,1,1,1,14,0
61189,2016,1590,59,2,1,1,14,5
61190,2016,1591,57,1,1,1,12,2
61191,2016,1592,51,1,1,1,13,0
61192,2016,1593,66,2,1,1,16,1
61193,2016,1594,35,1,1,1,14,2
61194,2016,1595,28,2,1,1,16,2
61195,2016,1596,52,2,1,1,20,1
61196,2016,1597,89,1,1,1,12,5
61197,2016,1598,69,2,1,1,12,5
61198,2016,1599,55,1,1,1,14,5
61199,2016,1600,48,1,1,1,13,5
61200,2016,1601,67,2,1,1,12,5
61201,2016,1602,36,2,1,1,13,0
61202,2016,1603,66,2,1,1,12,1
61203,2016,1604,31,2,1,1,14,1
61204,2016,1605,57,2,2,1,12,2
61205,2016,1606,48,2,16,15,14,3
61206,2016,1607,35,2,2,1,13,0
61207,2016,1608,59,2,16,3,10,1
61208,2016,1609,59,1,1,3,7,5
61209,2016,1610,35,2,98,15,12,0
61210,2016,1611,52,2,1,1,12,0
61211,2016,1612,37,1,1,1,14,1
61212,2016,1613,35,1,1,1,12,1
61213,2016,1614,61,1,1,1,14,0
61214,2016,1615,67,2,1,1,12,2
61215,2016,1616,80,2,1,1,12,0
61216,2016,1617,30,1,1,1,14,2
61217,2016,1618,56,2,2,1,17,0
61218,2016,1619,20,1,2,1,14,0
61219,2016,1620,53,2,1,1,16,2
61220,2016,1621,31,2,1,1,16,0
61221,2016,1622,51,2,1,1,12,1
61222,2016,1623,29,2,1,1,10,0
61223,2016,1624,80,1,1,1,12,5
61224,2016,1625,67,2,1,1,16,1
61225,2016,1626,61,2,1,1,16,2
61226,2016,1627,58,2,1,1,12,2
61227,2016,1628,19,2,1,1,13,0
61228,2016,1629,19,2,1,1,11,0
61229,2016,1630,25,1,2,1,12,2
61230,2016,1631,34,2,1,1,12,1
61231,2016,1632,37,2,2,1,12,4
61232,2016,1633,78,1,1,1,12,0
61233,2016,1634,62,1,1,1,13,2
61234,2016,1635,30,2,1,1,14,0
61235,2016,1636,65,2,1,1,8,0
61236,2016,1637,45,2,1,1,18,0
61237,2016,1638,65,1,1,1,12,5
61238,2016,1639,68,2,1,1,8,4
61239,2016,1640,37,1,1,1,12,0
61240,2016,1641,63,1,1,1,8,4
61241,2016,1642,59,1,1,1,11,0
61242,2016,1643,80,1,1,1,16,5
61243,2016,1644,29,2,1,1,15,1
61244,2016,1645,57,2,1,1,14,0
61245,2016,1646,73,2,1,1,19,0
61246,2016,1647,75,1,1,1,12,4
61247,2016,1648,74,1,1,1,12,2
61248,2016,1649,86,2,1,1,13,5
61249,2016,1650,81,2,1,1,12,1
61250,2016,1651,69,2,1,1,9,2
61251,2016,1652,59,2,1,1,12,0
61252,2016,1653,59,1,1,1,12,4
61253,2016,1654,68,1,1,1,12,1
61254,2016,1655,28,2,1,1,16,1
61255,2016,1656,62,1,1,1,12,0
61256,2016,1657,30,2,1,1,12,2
61257,2016,1658,30,2,1,1,14,1
61258,2016,1659,52,1,2,1,15,0
61259,2016,1660,50,2,1,1,18,2
61260,2016,1661,62,1,1,1,12,0
61261,2016,1662,46,2,3,1,16,4
61262,2016,1663,43,2,1,1,13,1
61263,2016,1664,27,1,1,1,16,2
61264,2016,1665,36,1,1,1,16,0
61265,2016,1666,26,1,1,1,13,4
61266,2016,1667,50,2,99,1,20,2
61267,2016,1668,23,1,2,1,16,3
61268,2016,1669,27,1,1,1,18,1
61269,2016,1670,21,2,16,2,15,0
61270,2016,1671,23,2,1,1,16,1
61271,2016,1672,67,2,1,1,16,0
61272,2016,1673,36,2,1,1,16,1
61273,2016,1674,28,1,1,1,14,2
61274,2016,1675,39,2,1,1,12,1
61275,2016,1676,47,2,6,1,16,3
61276,2016,1677,30,2,1,1,13,0
61277,2016,1678,52,1,1,3,18,1
61278,2016,1679,60,2,1,1,8,4
61279,2016,1680,66,1,1,1,20,2
61280,2016,1681,60,1,1,1,10,0
61281,2016,1682,31,2,1,1,15,1
61282,2016,1683,68,2,1,1,16,9
61283,2016,1684,66,1,1,1,10,5
61284,2016,1685,38,1,1,1,17,0
61285,2016,1686,81,1,1,1,12,5
61286,2016,1687,56,2,1,1,12,2
61287,2016,1688,42,1,1,1,12,0
61288,2016,1689,73,2,1,1,13,0
61289,2016,1690,24,2,2,1,12,1
61290,2016,1691,26,2,1,1,16,1
61291,2016,1692,50,2,2,1,16,3
61292,2016,1693,19,2,2,1,14,1
61293,2016,1694,31,2,1,1,13,0
61294,2016,1695,74,2,1,1,11,2
61295,2016,1696,60,2,2,1,12,0
61296,2016,1697,84,2,1,1,12,5
61297,2016,1698,33,2,1,1,14,0
61298,2016,1699,40,2,2,1,11,3
61299,2016,1700,59,2,2,1,16,5
61300,2016,1701,19,1,1,1,11,0
61301,2016,1702,61,1,2,1,14,9
61302,2016,1703,48,2,1,1,9,3
61303,2016,1704,54,2,2,1,15,3
61304,2016,1705,41,2,2,1,18,2
61305,2016,1706,34,1,1,1,16,2
61306,2016,1707,19,2,1,1,13,0
61307,2016,1708,51,1,1,1,9,1
61308,2016,1709,32,2,1,1,14,0
61309,2016,1710,64,1,1,1,14,4
61310,2016,1711,41,1,2,1,12,0
61311,2016,1712,80,2,1,1,13,1
61312,2016,1713,36,2,2,2,12,4
61313,2016,1714,28,1,2,1,12,0
61314,2016,1715,41,2,1,2,16,2
61315,2016,1716,46,1,2,1,14,0
61316,2016,1717,45,2,2,1,16,5
61317,2016,1718,35,2,2,1,14,4
61318,2016,1719,51,2,2,1,12,5
61319,2016,1720,76,1,1,1,6,8
61320,2016,1721,26,2,2,1,12,5
61321,2016,1722,31,2,2,1,12,4
61322,2016,1723,62,1,2,1,12,0
61323,2016,1724,19,1,2,1,12,2
61324,2016,1725,18,2,2,1,12,0
61325,2016,1726,55,2,2,1,14,1
61326,2016,1727,52,2,2,1,12,9
61327,2016,1728,59,1,2,1,12,0
61328,2016,1729,67,2,2,1,16,5
61329,2016,1730,31,2,2,1,14,5
61330,2016,1731,58,1,2,1,14,0
61331,2016,1732,58,1,3,1,12,2
61332,2016,1733,83,2,2,1,8,5
61333,2016,1734,76,2,2,4,15,1
61334,2016,1735,27,2,1,1,14,0
61335,2016,1736,72,1,1,1,8,0
61336,2016,1737,58,2,1,1,12,3
61337,2016,1738,19,1,1,1,13,0
61338,2016,1739,69,2,1,1,17,2
61339,2016,1740,52,2,1,1,16,0
61340,2016,1741,65,2,1,1,12,1
61341,2016,1742,63,1,1,1,13,0
61342,2016,1743,49,1,2,1,12,3
61343,2016,1744,76,1,1,1,15,5
61344,2016,1745,65,1,1,1,6,0
61345,2016,1746,28,1,1,1,16,3
61346,2016,1747,82,2,1,1,13,0
61347,2016,1748,49,1,1,1,12,0
61348,2016,1749,33,1,2,1,18,2
61349,2016,1750,60,1,1,1,14,0
61350,2016,1751,69,2,1,1,14,8
61351,2016,1752,39,2,2,1,14,5
61352,2016,1753,37,2,2,1,16,3
61353,2016,1754,44,2,2,1,14,2
61354,2016,1755,36,2,1,1,16,2
61355,2016,1756,43,1,4,1,14,2
61356,2016,1757,44,1,2,1,12,3
61357,2016,1758,66,2,2,1,20,5
61358,2016,1759,75,2,2,1,7,4
61359,2016,1760,73,2,1,1,12,4
61360,2016,1761,61,1,2,1,8,0
61361,2016,1762,58,1,2,1,5,0
61362,2016,1763,37,2,1,1,15,2
61363,2016,1764,30,1,2,1,14,5
61364,2016,1765,44,2,2,1,12,0
61365,2016,1766,48,1,2,1,12,5
61366,2016,1767,57,2,1,1,12,0
61367,2016,1768,47,1,2,1,12,3
61368,2016,1769,67,1,2,1,13,5
61369,2016,1770,70,2,2,1,8,4
61370,2016,1771,69,2,2,1,16,5
61371,2016,1772,38,2,2,1,14,0
61372,2016,1773,25,2,2,1,16,3
61373,2016,1774,39,2,1,1,16,2
61374,2016,1775,55,2,1,1,14,0
61375,2016,1776,27,1,3,2,14,1
61376,2016,1777,21,2,1,1,12,1
61377,2016,1778,59,2,1,1,12,0
61378,2016,1779,61,2,2,1,16,4
61379,2016,1780,58,2,2,1,12,4
61380,2016,1781,52,1,1,1,14,1
61381,2016,1782,61,2,1,1,18,5
61382,2016,1783,63,2,1,1,17,5
61383,2016,1784,86,1,1,1,17,0
61384,2016,1785,82,2,1,1,14,5
61385,2016,1786,32,1,2,1,12,0
61386,2016,1787,50,1,1,2,12,1
61387,2016,1788,55,2,6,1,14,5
61388,2016,1789,38,1,1,1,12,0
61389,2016,1790,39,2,2,1,13,0
61390,2016,1791,19,1,2,1,13,2
61391,2016,1792,45,2,2,1,15,0
61392,2016,1793,23,1,2,1,12,0
61393,2016,1794,73,2,1,1,18,3
61394,2016,1795,50,2,1,1,12,3
61395,2016,1796,67,2,2,1,16,0
61396,2016,1797,37,2,2,1,12,0
61397,2016,1798,40,2,2,1,14,1
61398,2016,1799,41,1,1,1,15,1
61399,2016,1800,65,1,2,1,16,2
61400,2016,1801,57,1,1,1,12,4
61401,2016,1802,37,1,1,1,16,0
61402,2016,1803,86,1,1,1,16,3
61403,2016,1804,67,2,1,1,18,1
61404,2016,1805,80,1,1,1,12,0
61405,2016,1806,49,2,1,1,12,0
61406,2016,1807,32,1,1,1,16,1
61407,2016,1808,33,2,1,1,18,0
61408,2016,1809,56,2,1,1,12,1
61409,2016,1810,61,2,1,1,16,1
61410,2016,1811,80,1,1,1,18,0
61411,2016,1812,48,1,2,1,14,1
61412,2016,1813,65,1,1,1,14,2
61413,2016,1814,61,1,1,1,13,0
61414,2016,1815,73,2,1,1,14,2
61415,2016,1816,57,1,1,1,12,0
61416,2016,1817,71,2,1,1,12,3
61417,2016,1818,58,2,1,1,12,0
61418,2016,1819,78,1,1,1,12,2
61419,2016,1820,74,1,1,1,20,4
61420,2016,1821,52,2,1,1,16,2
61421,2016,1822,56,1,1,1,12,0
61422,2016,1823,48,2,1,1,14,4
61423,2016,1824,61,1,1,1,12,2
61424,2016,1825,50,1,1,1,16,5
61425,2016,1826,25,1,1,1,16,0
61426,2016,1827,36,2,2,1,16,1
61427,2016,1828,45,2,2,1,15,3
61428,2016,1829,53,2,2,1,14,4
61429,2016,1830,28,1,2,1,12,1
61430,2016,1831,89,2,1,1,12,3
61431,2016,1832,89,1,1,1,13,0
61432,2016,1833,62,2,1,1,12,1
61433,2016,1834,52,2,1,11,11,0
61434,2016,1835,43,1,1,8,9,2
61435,2016,1836,74,2,2,1,16,4
61436,2016,1837,61,1,1,1,12,0
61437,2016,1838,37,2,1,1,16,3
61438,2016,1839,45,1,1,1,14,0
61439,2016,1840,36,2,1,1,12,4
61440,2016,1841,77,2,1,1,12,3
61441,2016,1842,57,1,1,1,8,1
61442,2016,1843,40,2,1,1,14,3
61443,2016,1844,53,2,1,1,13,4
61444,2016,1845,66,2,1,1,12,0
61445,2016,1846,44,1,1,1,12,5
61446,2016,1847,49,1,1,1,15,5
61447,2016,1848,67,1,1,1,16,0
61448,2016,1849,27,2,1,1,12,2
61449,2016,1850,24,1,1,1,12,3
61450,2016,1851,44,2,1,1,17,5
61451,2016,1852,35,2,1,1,14,0
61452,2016,1853,39,2,2,1,16,0
61453,2016,1854,79,1,1,1,14,3
61454,2016,1855,22,2,1,1,16,0
61455,2016,1856,70,1,2,1,12,5
61456,2016,1857,33,1,2,1,14,1
61457,2016,1858,52,2,2,1,16,0
61458,2016,1859,71,2,1,1,20,2
61459,2016,1860,78,2,2,1,11,4
61460,2016,1861,42,2,4,4,15,2
61461,2016,1862,57,2,2,1,16,0
61462,2016,1863,76,1,1,1,13,5
61463,2016,1864,62,2,2,1,14,0
61464,2016,1865,73,2,1,1,18,1
61465,2016,1866,51,2,1,1,10,5
61466,2016,1867,58,2,1,1,14,2
61467,2016,1868,71,2,1,1,8,5
61468,2016,1869,64,2,1,1,14,2
61469,2016,1870,29,2,1,1,13,0
61470,2016,1871,85,2,1,1,9,4
61471,2016,1872,36,1,1,1,12,0
61472,2016,1873,62,1,1,1,12,5
61473,2016,1874,38,1,1,1,13,5
61474,2016,1875,80,2,1,1,16,0
61475,2016,1876,69,2,1,1,15,0
61476,2016,1877,66,1,1,1,12,5
61477,2016,1878,58,2,1,1,12,4
61478,2016,1879,75,2,1,1,12,0
61479,2016,1880,65,1,2,1,18,2
61480,2016,1881,72,1,1,1,15,4
61481,2016,1882,73,2,1,1,11,0
61482,2016,1883,68,1,1,1,16,5
61483,2016,1884,75,2,1,1,12,5
61484,2016,1885,56,1,2,1,17,0
61485,2016,1886,54,2,2,1,10,4
61486,2016,1887,79,2,1,1,14,8
61487,2016,1888,71,2,1,1,20,1
61488,2016,1889,53,1,1,1,20,0
61489,2016,1890,39,1,4,1,18,4
61490,2016,1891,49,2,1,1,17,5
61491,2016,1892,22,2,2,1,16,0
61492,2016,1893,43,1,1,1,14,2
61493,2016,1894,20,2,2,1,13,0
61494,2016,1895,76,1,1,1,20,5
61495,2016,1896,70,2,1,1,14,2
61496,2016,1897,69,1,1,1,17,0
61497,2016,1898,27,1,2,1,13,2
61498,2016,1899,52,1,1,1,18,5
61499,2016,1900,29,1,1,1,12,0
61500,2016,1901,38,2,1,1,14,2
61501,2016,1902,63,2,1,1,13,2
61502,2016,1903,46,1,2,1,16,0
61503,2016,1904,35,2,2,1,13,3
61504,2016,1905,44,2,1,21,16,0
61505,2016,1906,41,2,2,1,14,4
61506,2016,1907,53,2,2,1,12,0
61507,2016,1908,65,2,1,1,16,3
61508,2016,1909,25,2,2,1,13,2
61509,2016,1910,24,2,2,1,12,0
61510,2016,1911,54,2,2,1,12,4
61511,2016,1912,42,1,2,1,12,0
61512,2016,1913,58,1,2,1,12,3
61513,2016,1914,66,1,1,1,9,5
61514,2016,1915,48,1,2,1,17,0
61515,2016,1916,39,2,2,1,15,1
61516,2016,1917,47,2,2,1,20,1
61517,2016,1918,28,1,2,1,10,1
61518,2016,1919,28,2,2,1,17,0
61519,2016,1920,76,2,2,1,11,5
61520,2016,1921,58,1,1,1,13,0
61521,2016,1922,35,2,1,1,14,2
61522,2016,1923,54,2,1,1,14,5
61523,2016,1924,55,1,1,1,10,5
61524,2016,1925,85,2,1,1,8,0
61525,2016,1926,72,1,1,1,11,1
61526,2016,1927,78,2,1,1,12,0
61527,2016,1928,67,2,2,1,16,4
61528,2016,1929,55,2,2,1,16,0
61529,2016,1930,51,1,2,1,10,1
61530,2016,1931,55,1,2,1,14,2
61531,2016,1932,25,2,2,1,10,1
61532,2016,1933,64,2,2,1,16,5
61533,2016,1934,58,1,1,1,16,0
61534,2016,1935,22,2,1,1,12,0
61535,2016,1936,62,1,1,1,16,0
61536,2016,1937,43,1,16,2,12,5
61537,2016,1938,62,1,1,1,14,2
61538,2016,1939,39,2,1,1,13,2
61539,2016,1940,79,2,1,1,12,9
61540,2016,1941,80,2,1,1,18,3
61541,2016,1942,22,1,1,1,12,0
61542,2016,1943,27,2,1,1,14,1
61543,2016,1944,50,1,1,1,10,0
61544,2016,1945,42,2,1,1,13,2
61545,2016,1946,72,1,1,1,8,2
61546,2016,1947,22,2,1,1,15,1
61547,2016,1948,47,1,7,1,12,3
61548,2016,1949,50,1,2,1,16,3
61549,2016,1950,46,1,1,1,16,5
61550,2016,1951,57,2,1,1,12,2
61551,2016,1952,35,1,1,1,12,0
61552,2016,1953,36,2,1,1,12,4
61553,2016,1954,43,1,1,1,12,0
61554,2016,1955,23,1,2,3,12,1
61555,2016,1956,33,1,1,1,12,0
61556,2016,1957,70,2,1,1,14,2
61557,2016,1958,59,2,1,1,12,0
61558,2016,1959,82,2,1,4,7,2
61559,2016,1960,58,1,1,1,16,0
61560,2016,1961,65,2,1,1,12,3
61561,2016,1962,25,1,5,1,12,3
61562,2016,1963,62,2,1,1,12,0
61563,2016,1964,28,2,2,1,11,2
61564,2016,1965,34,1,2,1,11,2
61565,2016,1966,33,1,1,1,19,1
61566,2016,1967,49,2,1,1,16,0
61567,2016,1968,52,1,1,1,16,2
61568,2016,1969,47,2,1,1,16,0
61569,2016,1970,81,2,1,1,12,2
61570,2016,1971,65,1,1,1,18,0
61571,2016,1972,57,2,1,1,13,1
61572,2016,1973,70,2,1,1,16,1
61573,2016,1974,44,1,1,1,11,0
61574,2016,1975,26,1,1,1,12,5
61575,2016,1976,58,2,1,1,10,3
61576,2016,1977,62,1,1,1,13,0
61577,2016,1978,26,2,1,1,17,1
61578,2016,1979,57,1,1,1,12,5
61579,2016,1980,60,1,1,1,7,0
61580,2016,1981,88,2,1,1,12,5
61581,2016,1982,51,1,1,1,12,0
61582,2016,1983,73,2,1,1,12,5
61583,2016,1984,27,1,1,1,16,5
61584,2016,1985,27,1,1,1,12,3
61585,2016,1986,25,2,1,1,16,3
61586,2016,1987,89,2,1,1,12,0
61587,2016,1988,84,1,1,1,16,3
61588,2016,1989,46,1,1,1,15,0
61589,2016,1990,33,2,1,1,11,1
61590,2016,1991,69,2,1,1,15,2
61591,2016,1992,44,2,1,1,12,0
61592,2016,1993,40,1,1,1,14,4
61593,2016,1994,48,2,1,1,14,0
61594,2016,1995,74,2,1,1,14,5
61595,2016,1996,67,1,1,1,13,0
61596,2016,1997,60,2,1,1,12,1
61597,2016,1998,54,2,1,1,17,0
61598,2016,1999,61,1,1,1,13,1
61599,2016,2000,61,1,1,1,12,0
61600,2016,2001,29,2,1,1,19,5
61601,2016,2002,37,1,1,1,9,1
61602,2016,2003,74,2,1,1,12,0
61603,2016,2004,20,2,1,1,13,2
61604,2016,2005,83,2,1,1,12,1
61605,2016,2006,60,1,1,1,14,3
61606,2016,2007,42,2,1,1,14,1
61607,2016,2008,44,1,1,1,16,5
61608,2016,2009,39,1,1,1,19,0
61609,2016,2010,29,1,16,2,16,0
61610,2016,2011,37,2,1,1,16,4
61611,2016,2012,60,2,1,1,20,0
61612,2016,2013,62,2,99,1,16,1
61613,2016,2014,85,1,1,1,19,0
61614,2016,2015,33,1,1,1,18,1
61615,2016,2016,30,1,1,1,15,1
61616,2016,2017,78,1,1,1,20,1
61617,2016,2018,23,2,1,1,16,0
61618,2016,2019,52,2,1,1,12,0
61619,2016,2020,62,1,1,1,14,3
61620,2016,2021,41,2,1,1,16,3
61621,2016,2022,71,2,1,1,14,0
61622,2016,2023,62,2,1,1,13,0
61623,2016,2024,71,2,1,1,16,2
61624,2016,2025,24,1,1,1,14,1
61625,2016,2026,86,2,1,1,12,0
61626,2016,2027,42,1,1,1,12,2
61627,2016,2028,89,2,1,1,12,0
61628,2016,2029,59,1,1,1,12,5
61629,2016,2030,37,2,1,1,15,0
61630,2016,2031,67,2,1,1,16,5
61631,2016,2032,44,2,1,1,13,5
61632,2016,2033,67,2,1,1,12,4
61633,2016,2034,81,2,1,1,12,0
61634,2016,2035,22,2,1,1,12,1
61635,2016,2036,63,1,1,1,18,0
61636,2016,2037,89,1,1,1,17,0
61637,2016,2038,23,1,1,1,12,1
61638,2016,2039,33,1,1,1,16,2
61639,2016,2040,78,2,1,1,14,0
61640,2016,2041,89,2,1,1,12,2
61641,2016,2042,58,2,1,1,12,4
61642,2016,2043,19,1,1,1,11,0
61643,2016,2044,63,2,1,1,12,5
61644,2016,2045,27,2,2,1,11,8
61645,2016,2046,47,2,1,1,15,2
61646,2016,2047,22,2,2,1,12,0
61647,2016,2048,21,2,2,1,12,1
61648,2016,2049,69,2,1,1,17,0
61649,2016,2050,26,1,1,1,14,1
61650,2016,2051,35,1,1,1,11,1
61651,2016,2052,40,1,1,1,12,5
61652,2016,2053,82,2,1,1,12,0
61653,2016,2054,38,2,1,1,17,5
61654,2016,2055,34,1,1,1,12,0
61655,2016,2056,38,1,2,1,16,3
61656,2016,2057,26,2,2,1,5,0
61657,2016,2058,32,1,1,1,16,1
61658,2016,2059,60,1,1,1,19,1
61659,2016,2060,64,2,2,1,15,1
61660,2016,2061,50,1,1,1,12,0
61661,2016,2062,65,1,1,1,13,2
61662,2016,2063,41,2,1,1,16,1
61663,2016,2064,88,1,1,1,12,0
61664,2016,2065,83,2,1,1,13,3
61665,2016,2066,62,2,1,1,18,1
61666,2016,2067,52,1,1,1,12,1
61667,2016,2068,59,1,1,1,12,0
61668,2016,2069,23,1,1,1,17,0
61669,2016,2070,22,1,1,1,15,0
61670,2016,2071,28,1,1,1,16,0
61671,2016,2072,52,1,1,1,18,1
61672,2016,2073,54,2,1,1,16,1
61673,2016,2074,86,1,1,1,20,1
61674,2016,2075,42,1,1,1,20,1
61675,2016,2076,81,1,1,1,12,0
61676,2016,2077,21,1,1,1,12,2
61677,2016,2078,41,2,1,1,12,4
61678,2016,2079,57,1,1,1,18,1
61679,2016,2080,23,1,1,1,13,1
61680,2016,2081,50,2,1,1,12,0
61681,2016,2082,46,1,1,1,18,4
61682,2016,2083,39,2,1,1,16,0
61683,2016,2084,57,1,1,1,12,5
61684,2016,2085,66,2,1,1,12,4
61685,2016,2086,45,2,1,1,14,0
61686,2016,2087,42,1,1,1,12,5
61687,2016,2088,60,1,1,1,13,3
61688,2016,2089,33,1,1,1,12,3
61689,2016,2090,36,1,1,1,10,0
61690,2016,2091,84,2,1,1,12,2
61691,2016,2092,63,2,1,1,13,5
61692,2016,2093,60,2,1,2,14,0
61693,2016,2094,22,1,2,1,16,2
61694,2016,2095,68,2,1,1,17,0
61695,2016,2096,69,1,1,1,19,3
61696,2016,2097,53,1,1,1,16,4
61697,2016,2098,81,1,1,1,12,0
61698,2016,2099,35,2,1,1,9,2
61699,2016,2100,60,2,1,1,16,1
61700,2016,2101,65,2,1,1,12,5
61701,2016,2102,67,2,1,1,12,5
61702,2016,2103,64,1,1,1,17,0
61703,2016,2104,70,1,1,1,12,3
61704,2016,2105,30,1,1,1,15,1
61705,2016,2106,31,2,1,1,17,5
61706,2016,2107,35,1,1,1,12,4
61707,2016,2108,72,2,2,1,12,2
61708,2016,2109,56,2,1,1,12,5
61709,2016,2110,68,2,1,1,18,3
61710,2016,2111,61,2,1,1,13,1
61711,2016,2112,48,2,1,1,14,0
61712,2016,2113,53,2,1,1,14,0
61713,2016,2114,32,1,1,1,14,2
61714,2016,2115,33,1,12,1,13,0
61715,2016,2116,29,2,1,1,11,2
61716,2016,2117,52,1,1,1,12,0
61717,2016,2118,57,1,1,1,13,4
61718,2016,2119,50,2,1,1,13,1
61719,2016,2120,31,2,1,1,13,0
61720,2016,2121,53,2,1,1,12,0
61721,2016,2122,37,1,1,1,16,0
61722,2016,2123,76,2,1,1,16,2
61723,2016,2124,53,2,1,1,17,4
61724,2016,2125,99,2,1,1,12,3
61725,2016,2126,21,2,1,1,12,2
61726,2016,2127,65,2,1,1,16,0
61727,2016,2128,53,1,1,1,14,2
61728,2016,2129,53,2,2,1,16,0
61729,2016,2130,47,2,1,1,16,5
61730,2016,2131,59,2,1,1,16,4
61731,2016,2132,78,2,1,1,12,0
61732,2016,2133,99,2,1,1,12,3
61733,2016,2134,49,1,1,1,12,0
61734,2016,2135,65,1,1,1,17,2
61735,2016,2136,41,1,1,1,10,1
61736,2016,2137,64,1,1,1,16,0
61737,2016,2138,61,2,1,1,12,2
61738,2016,2139,32,2,1,1,20,1
61739,2016,2140,65,2,1,1,12,0
61740,2016,2141,78,2,1,1,12,4
61741,2016,2142,48,2,1,1,12,0
61742,2016,2143,45,1,10,1,14,0
61743,2016,2144,58,1,1,1,12,5
61744,2016,2145,89,2,1,1,99,5
61745,2016,2146,55,2,1,1,12,0
61746,2016,2147,46,1,1,1,14,2
61747,2016,2148,41,1,1,1,12,0
61748,2016,2149,80,1,1,1,12,5
61749,2016,2150,83,2,1,1,12,0
61750,2016,2151,85,2,1,1,12,5
61751,2016,2152,22,1,1,2,12,0
61752,2016,2153,38,2,1,1,16,0
61753,2016,2154,42,1,1,1,11,2
61754,2016,2155,74,2,1,1,12,0
61755,2016,2156,29,2,1,1,12,4
61756,2016,2157,37,1,1,1,16,0
61757,2016,2158,61,2,1,1,12,2
61758,2016,2159,71,1,1,1,14,0
61759,2016,2160,35,2,1,1,8,1
61760,2016,2161,21,1,2,1,12,0
61761,2016,2162,63,2,1,1,14,4
61762,2016,2163,67,1,1,1,14,3
61763,2016,2164,27,2,1,1,11,2
61764,2016,2165,75,1,1,1,6,0
61765,2016,2166,33,1,1,1,11,0
61766,2016,2167,47,2,1,1,16,3
61767,2016,2168,26,1,1,1,15,0
61768,2016,2169,36,2,1,1,11,1
61769,2016,2170,64,1,1,1,12,0
61770,2016,2171,81,1,1,1,13,2
61771,2016,2172,76,2,1,1,16,2
61772,2016,2173,23,2,1,1,12,1
61773,2016,2174,71,1,1,1,8,2
61774,2016,2175,30,1,2,1,12,4
61775,2016,2176,48,2,1,1,14,1
61776,2016,2177,39,2,1,1,12,0
61777,2016,2178,71,2,1,1,12,3
61778,2016,2179,25,1,1,1,11,2
61779,2016,2180,23,1,1,1,14,3
61780,2016,2181,53,2,1,1,14,1
61781,2016,2182,63,2,16,2,12,2
61782,2016,2183,23,2,1,1,16,0
61783,2016,2184,60,2,1,1,12,3
61784,2016,2185,78,2,1,1,12,5
61785,2016,2186,32,1,3,1,13,0
61786,2016,2187,49,2,1,1,13,2
61787,2016,2188,62,2,1,1,19,0
61788,2016,2189,31,2,1,1,19,1
61789,2016,2190,69,1,1,1,18,0
61790,2016,2191,67,1,1,1,17,4
61791,2016,2192,24,2,1,1,16,1
61792,2016,2193,29,1,1,1,18,1
61793,2016,2194,30,2,2,1,12,0
61794,2016,2195,77,2,1,1,12,3
61795,2016,2196,25,1,1,1,18,1
61796,2016,2197,50,1,1,1,20,1
61797,2016,2198,78,2,1,1,14,5
61798,2016,2199,33,1,1,1,12,0
61799,2016,2200,67,1,1,1,14,5
61800,2016,2201,67,2,1,1,13,0
61801,2016,2202,30,2,1,1,16,0
61802,2016,2203,65,2,1,1,12,2
61803,2016,2204,67,2,1,1,12,2
61804,2016,2205,45,1,1,1,19,0
61805,2016,2206,34,1,1,1,12,1
61806,2016,2207,29,2,1,1,13,0
61807,2016,2208,84,2,1,1,12,0
61808,2016,2209,39,2,1,1,10,3
61809,2016,2210,76,2,1,1,12,4
61810,2016,2211,69,2,1,1,17,1
61811,2016,2212,43,1,16,2,12,0
61812,2016,2213,89,2,2,1,15,5
61813,2016,2214,67,1,1,2,12,2
61814,2016,2215,59,1,2,1,12,0
61815,2016,2216,64,1,2,1,14,1
61816,2016,2217,23,2,16,2,12,0
61817,2016,2218,32,1,1,1,10,1
61818,2016,2219,46,2,2,1,12,0
61819,2016,2220,48,1,1,1,12,2
61820,2016,2221,64,2,2,1,14,2
61821,2016,2222,46,1,16,2,12,2
61822,2016,2223,86,1,1,1,13,4
61823,2016,2224,18,1,4,1,12,0
61824,2016,2225,20,2,1,2,14,2
61825,2016,2226,65,1,1,1,17,2
61826,2016,2227,63,1,1,1,12,1
61827,2016,2228,80,1,1,1,12,0
61828,2016,2229,21,1,8,1,13,1
61829,2016,2230,40,1,1,1,12,2
61830,2016,2231,33,1,1,1,15,0
61831,2016,2232,22,2,2,1,13,0
61832,2016,2233,68,2,1,1,12,1
61833,2016,2234,32,1,1,1,16,1
61834,2016,2235,57,1,2,1,10,4
61835,2016,2236,55,2,2,1,11,3
61836,2016,2237,21,2,3,1,14,0
61837,2016,2238,18,1,1,1,11,4
61838,2016,2239,39,1,2,1,10,0
61839,2016,2240,27,1,1,1,16,2
61840,2016,2241,29,1,2,1,12,0
61841,2016,2242,70,2,1,1,15,0
61842,2016,2243,41,2,1,1,17,5
61843,2016,2244,40,1,1,1,12,0
61844,2016,2245,20,2,1,1,12,2
61845,2016,2246,27,1,2,1,14,0
61846,2016,2247,53,2,2,1,12,4
61847,2016,2248,49,2,2,1,12,0
61848,2016,2249,62,1,2,1,12,0
61849,2016,2250,49,1,2,1,12,5
61850,2016,2251,48,1,2,1,12,0
61851,2016,2252,23,2,1,1,12,0
61852,2016,2253,61,1,2,1,15,3
61853,2016,2254,77,2,3,1,9,4
61854,2016,2255,44,2,2,1,7,0
61855,2016,2256,70,2,2,1,7,5
61856,2016,2257,60,2,2,1,12,0
61857,2016,2258,51,2,2,1,10,4
61858,2016,2259,49,1,2,1,12,5
61859,2016,2260,52,2,2,3,16,0
61860,2016,2261,58,2,1,1,14,0
61861,2016,2262,56,1,1,1,12,5
61862,2016,2263,43,1,1,1,16,0
61863,2016,2264,41,2,1,2,12,2
61864,2016,2265,42,1,1,2,11,5
61865,2016,2266,65,1,1,1,10,4
61866,2016,2267,19,1,1,1,13,0
61867,2016,2268,44,2,1,1,14,2
61868,2016,2269,79,2,1,1,14,8
61869,2016,2270,46,2,1,2,8,4
61870,2016,2271,72,1,1,1,12,5
61871,2016,2272,56,2,1,1,12,5
61872,2016,2273,58,2,1,1,13,0
61873,2016,2274,53,1,1,1,12,5
61874,2016,2275,33,1,3,2,10,4
61875,2016,2276,26,2,16,2,11,0
61876,2016,2277,56,2,1,1,12,2
61877,2016,2278,40,1,1,1,11,0
61878,2016,2279,59,1,1,30,20,3
61879,2016,2280,59,2,1,1,14,4
61880,2016,2281,52,2,2,1,16,3
61881,2016,2282,60,1,2,1,11,0
61882,2016,2283,27,1,1,2,12,5
61883,2016,2284,70,1,1,2,16,5
61884,2016,2285,38,2,2,1,10,2
61885,2016,2286,57,1,16,2,11,0
61886,2016,2287,54,2,1,2,10,2
61887,2016,2288,21,2,2,1,11,1
61888,2016,2289,83,1,16,2,6,5
61889,2016,2290,46,2,1,2,14,2
61890,2016,2291,18,1,1,1,10,0
61891,2016,2292,24,1,16,2,12,2
61892,2016,2293,37,1,1,2,12,1
61893,2016,2294,47,2,1,2,12,2
61894,2016,2295,24,2,2,1,13,2
61895,2016,2296,66,1,1,2,12,4
61896,2016,2297,63,2,1,1,10,0
61897,2016,2298,58,1,1,1,12,4
61898,2016,2299,42,2,1,2,10,0
61899,2016,2300,48,1,1,2,17,1
61900,2016,2301,54,2,1,2,14,2
61901,2016,2302,65,2,1,2,9,3
61902,2016,2303,37,1,1,2,15,0
61903,2016,2304,59,2,1,2,6,3
61904,2016,2305,54,1,1,2,12,1
61905,2016,2306,35,2,1,2,14,0
61906,2016,2307,29,2,1,2,14,2
61907,2016,2308,35,2,2,1,11,3
61908,2016,2309,68,1,2,1,16,2
61909,2016,2310,55,1,1,2,6,9
61910,2016,2311,57,1,1,2,14,0
61911,2016,2312,78,1,98,1,16,5
61912,2016,2313,71,1,1,1,16,5
61913,2016,2314,64,1,1,1,20,1
61914,2016,2315,44,1,1,2,11,5
61915,2016,2316,57,2,1,1,15,0
61916,2016,2317,25,2,1,1,14,1
61917,2016,2318,30,1,1,1,16,2
61918,2016,2319,58,2,3,30,14,0
61919,2016,2320,76,1,1,1,12,4
61920,2016,2321,28,2,1,1,14,0
61921,2016,2322,51,1,3,1,12,2
61922,2016,2323,35,1,1,1,16,1
61923,2016,2324,22,2,2,2,14,1
61924,2016,2325,25,2,2,1,16,2
61925,2016,2326,59,2,1,1,19,3
61926,2016,2327,55,2,1,1,12,0
61927,2016,2328,84,1,1,30,16,3
61928,2016,2329,55,2,2,1,8,5
61929,2016,2330,79,1,1,2,12,4
61930,2016,2331,84,2,1,1,13,0
61931,2016,2332,65,2,3,1,15,0
61932,2016,2333,61,1,2,3,16,1
61933,2016,2334,26,2,3,2,9,5
61934,2016,2335,57,2,1,30,12,2
61935,2016,2336,31,2,1,1,17,0
61936,2016,2337,38,1,1,1,16,3
61937,2016,2338,51,1,1,1,11,2
61938,2016,2339,22,1,16,2,10,1
61939,2016,2340,55,1,1,1,18,0
61940,2016,2341,46,2,1,1,20,2
61941,2016,2342,80,2,1,1,16,2
61942,2016,2343,53,1,2,1,14,0
61943,2016,2344,31,1,1,1,12,1
61944,2016,2345,53,1,1,1,12,2
61945,2016,2346,24,2,1,1,11,0
61946,2016,2347,63,2,1,1,20,1
61947,2016,2348,38,1,1,1,18,0
61948,2016,2349,44,1,1,1,18,5
61949,2016,2350,54,2,1,1,14,0
61950,2016,2351,75,1,1,1,18,2
61951,2016,2352,52,2,1,1,16,0
61952,2016,2353,54,2,8,1,16,8
61953,2016,2354,43,2,1,1,19,0
61954,2016,2355,31,1,1,1,16,3
61955,2016,2356,48,2,1,1,12,3
61956,2016,2357,86,1,1,1,11,0
61957,2016,2358,50,2,1,1,16,0
61958,2016,2359,58,2,1,1,16,2
61959,2016,2360,50,2,1,1,18,1
61960,2016,2361,62,2,1,1,18,1
61961,2016,2362,60,1,1,1,16,0
61962,2016,2363,20,2,1,1,13,0
61963,2016,2364,30,2,1,1,16,1
61964,2016,2365,35,1,1,1,9,2
61965,2016,2366,68,1,1,1,16,3
61966,2016,2367,60,1,16,2,6,0
61967,2016,2368,36,2,1,1,18,1
61968,2016,2369,58,2,1,1,13,4
61969,2016,2370,71,2,1,1,12,0
61970,2016,2371,22,1,1,1,12,1
61971,2016,2372,59,2,2,1,12,0
61972,2016,2373,37,2,1,1,13,5
61973,2016,2374,25,2,2,3,10,0
61974,2016,2375,30,2,1,1,13,1
61975,2016,2376,61,1,2,1,14,1
61976,2016,2377,44,2,1,1,12,0
61977,2016,2378,36,2,2,1,14,0
61978,2016,2379,21,2,1,2,12,1
61979,2016,2380,68,2,1,1,20,0
61980,2016,2381,39,2,1,2,4,3
61981,2016,2382,46,1,16,2,15,3
61982,2016,2383,20,2,1,2,12,0
61983,2016,2384,64,2,1,2,12,5
61984,2016,2385,49,1,1,2,1,3
61985,2016,2386,42,2,1,2,6,5
61986,2016,2387,53,1,16,42,11,2
61987,2016,2388,28,1,16,2,12,0
61988,2016,2389,68,1,1,1,12,5
61989,2016,2390,19,1,1,1,12,1
61990,2016,2391,52,2,1,1,16,1
61991,2016,2392,66,2,16,2,14,1
61992,2016,2393,42,2,1,1,14,0
61993,2016,2394,33,1,16,2,9,4
61994,2016,2395,29,1,16,21,11,1
61995,2016,2396,39,2,1,1,13,0
61996,2016,2397,37,1,16,2,12,3
61997,2016,2398,54,1,1,1,11,0
61998,2016,2399,22,2,1,2,16,1
61999,2016,2400,21,1,1,2,12,2
62000,2016,2401,19,1,2,1,12,0
62001,2016,2402,49,1,1,1,6,3
62002,2016,2403,64,2,2,1,15,4
62003,2016,2404,34,1,16,2,16,1
62004,2016,2405,33,2,16,2,6,0
62005,2016,2406,36,2,1,2,13,2
62006,2016,2407,30,2,1,2,11,4
62007,2016,2408,67,1,1,1,15,1
62008,2016,2409,66,2,2,1,14,0
62009,2016,2410,33,1,16,2,8,3
62010,2016,2411,50,2,1,1,15,0
62011,2016,2412,86,2,7,1,20,2
62012,2016,2413,31,2,1,2,12,0
62013,2016,2414,56,1,1,1,16,0
62014,2016,2415,29,2,1,2,16,1
62015,2016,2416,69,1,1,1,13,1
62016,2016,2417,31,2,98,2,12,2
62017,2016,2418,67,1,1,1,12,5
62018,2016,2419,59,2,1,1,20,0
62019,2016,2420,61,1,1,1,12,2
62020,2016,2421,56,2,1,1,14,2
62021,2016,2422,37,2,1,1,17,1
62022,2016,2423,67,1,1,1,12,1
62023,2016,2424,19,1,1,2,12,0
62024,2016,2425,61,2,1,25,17,3
62025,2016,2426,42,1,1,1,12,3
62026,2016,2427,56,2,1,1,20,1
62027,2016,2428,59,2,1,1,13,0
62028,2016,2429,68,2,1,1,18,1
62029,2016,2430,62,2,1,1,16,1
62030,2016,2431,27,2,1,1,20,0
62031,2016,2432,69,2,3,30,11,1
62032,2016,2433,38,2,1,2,14,0
62033,2016,2434,63,1,1,1,16,1
62034,2016,2435,81,2,1,1,10,0
62035,2016,2436,20,2,1,1,14,2
62036,2016,2437,26,2,1,1,17,0
62037,2016,2438,24,2,1,1,16,2
62038,2016,2439,35,2,1,1,19,1
62039,2016,2440,52,1,1,1,15,4
62040,2016,2441,43,2,1,1,16,1
62041,2016,2442,68,2,1,1,16,0
62042,2016,2443,77,1,1,1,17,1
62043,2016,2444,22,1,16,2,15,1
62044,2016,2445,21,2,7,1,15,1
62045,2016,2446,58,2,1,1,18,1
62046,2016,2447,24,2,1,1,15,0
62047,2016,2448,23,1,1,1,15,1
62048,2016,2449,53,2,1,1,17,0
62049,2016,2450,70,1,1,1,13,4
62050,2016,2451,45,1,1,1,9,2
62051,2016,2452,72,1,1,1,12,0
62052,2016,2453,23,1,1,1,15,1
62053,2016,2454,19,1,1,1,13,0
62054,2016,2455,70,1,1,1,13,2
62055,2016,2456,53,1,1,1,14,0
62056,2016,2457,85,1,1,1,10,1
62057,2016,2458,57,2,1,1,14,0
62058,2016,2459,62,2,1,1,12,4
62059,2016,2460,64,2,1,1,14,0
62060,2016,2461,62,2,1,1,12,0
62061,2016,2462,51,2,1,1,14,2
62062,2016,2463,36,2,1,1,19,0
62063,2016,2464,20,2,1,1,13,1
62064,2016,2465,26,1,1,1,11,2
62065,2016,2466,64,1,1,1,12,0
62066,2016,2467,46,2,1,1,20,2
62067,2016,2468,25,2,1,1,15,1
62068,2016,2469,69,1,1,1,16,1
62069,2016,2470,62,2,1,1,12,1
62070,2016,2471,65,2,3,1,7,2
62071,2016,2472,26,1,1,1,16,0
62072,2016,2473,25,1,1,1,12,1
62073,2016,2474,26,1,1,1,14,0
62074,2016,2475,55,1,2,1,14,3
62075,2016,2476,34,1,1,1,14,0
62076,2016,2477,39,2,1,1,16,1
62077,2016,2478,61,1,1,1,20,0
62078,2016,2479,48,1,1,1,12,2
62079,2016,2480,46,2,1,2,3,4
62080,2016,2481,73,1,1,1,15,1
62081,2016,2482,83,2,1,1,12,0
62082,2016,2483,78,1,16,2,14,1
62083,2016,2484,56,1,1,1,14,2
62084,2016,2485,61,1,1,1,12,0
62085,2016,2486,50,2,1,1,12,4
62086,2016,2487,57,2,1,1,12,3
62087,2016,2488,78,1,1,1,10,0
62088,2016,2489,31,2,1,1,14,1
62089,2016,2490,73,1,1,1,19,1
62090,2016,2491,67,1,1,1,14,4
62091,2016,2492,81,1,1,1,10,5
62092,2016,2493,71,2,1,1,20,2
62093,2016,2494,55,2,1,1,13,4
62094,2016,2495,58,1,1,1,12,0
62095,2016,2496,37,2,3,1,13,5
62096,2016,2497,43,2,1,2,6,3
62097,2016,2498,46,2,99,1,13,0
62098,2016,2499,42,1,1,1,12,5
62099,2016,2500,45,2,1,1,14,0
62100,2016,2501,49,2,1,2,15,3
62101,2016,2502,50,2,2,1,20,1
62102,2016,2503,76,1,10,1,9,0
62103,2016,2504,63,2,1,1,10,0
62104,2016,2505,28,2,1,1,12,5
62105,2016,2506,51,2,1,1,12,5
62106,2016,2507,35,1,1,1,11,0
62107,2016,2508,54,1,1,1,12,3
62108,2016,2509,27,2,1,1,13,2
62109,2016,2510,55,2,1,1,11,5
62110,2016,2511,57,2,1,1,12,3
62111,2016,2512,44,2,1,1,13,0
62112,2016,2513,27,2,1,1,14,1
62113,2016,2514,35,1,1,1,14,1
62114,2016,2515,27,1,1,1,14,0
62115,2016,2516,27,2,1,1,8,3
62116,2016,2517,48,1,1,1,14,1
62117,2016,2518,30,1,1,1,12,0
62118,2016,2519,34,2,1,1,17,1
62119,2016,2520,36,2,1,1,14,2
62120,2016,2521,29,2,1,3,12,1
62121,2016,2522,25,2,1,1,12,0
62122,2016,2523,67,1,1,1,14,5
62123,2016,2524,33,2,1,1,14,1
62124,2016,2525,50,2,1,1,14,2
62125,2016,2526,23,2,1,1,13,0
62126,2016,2527,35,1,2,1,13,1
62127,2016,2528,28,1,1,1,13,1
62128,2016,2529,62,2,1,1,10,3
62129,2016,2530,25,2,1,30,12,0
62130,2016,2531,30,2,1,1,14,0
62131,2016,2532,54,1,1,1,17,1
62132,2016,2533,77,1,99,30,2,5
62133,2016,2534,47,2,1,1,12,2
62134,2016,2535,54,2,1,1,15,1
62135,2016,2536,55,2,1,1,12,0
62136,2016,2537,58,1,1,1,8,2
62137,2016,2538,66,2,1,1,13,0
62138,2016,2539,60,2,1,1,14,1
62139,2016,2540,27,2,1,1,17,2
62140,2016,2541,81,1,1,1,12,5
62141,2016,2542,33,1,1,1,12,3
62142,2016,2543,34,2,3,1,17,0
62143,2016,2544,89,2,1,1,11,5
62144,2016,2545,58,1,1,1,15,0
62145,2016,2546,22,1,1,1,15,0
62146,2016,2547,40,1,1,1,10,0
62147,2016,2548,57,2,1,1,14,5
62148,2016,2549,29,1,3,1,11,0
62149,2016,2550,86,2,1,1,11,5
62150,2016,2551,50,1,1,1,15,0
62151,2016,2552,58,1,1,1,12,5
62152,2016,2553,70,2,1,1,12,2
62153,2016,2554,53,2,1,1,20,1
62154,2016,2555,99,2,1,1,16,2
62155,2016,2556,47,1,1,2,16,3
62156,2016,2557,19,2,1,1,12,0
62157,2016,2558,55,1,1,1,14,2
62158,2016,2559,21,1,2,1,15,2
62159,2016,2560,45,1,9,1,6,2
62160,2016,2561,51,2,1,1,14,0
62161,2016,2562,57,1,1,1,16,0
62162,2016,2563,51,1,1,1,14,2
62163,2016,2564,41,1,1,1,14,1
62164,2016,2565,78,2,1,1,12,5
62165,2016,2566,43,1,1,1,15,3
62166,2016,2567,38,2,1,1,12,0
62167,2016,2568,56,1,1,1,16,0
62168,2016,2569,25,2,1,1,15,1
62169,2016,2570,25,1,3,1,14,1
62170,2016,2571,46,2,2,1,18,4
62171,2016,2572,56,1,1,1,18,0
62172,2016,2573,33,2,1,1,15,0
62173,2016,2574,36,2,1,1,13,2
62174,2016,2575,73,2,1,1,10,0
62175,2016,2576,39,2,1,1,12,0
62176,2016,2577,54,1,1,1,13,4
62177,2016,2578,69,1,2,1,13,5
62178,2016,2579,43,2,4,1,18,2
62179,2016,2580,38,2,1,1,14,0
62180,2016,2581,89,1,1,1,7,5
62181,2016,2582,53,2,6,1,4,0
62182,2016,2583,62,2,2,1,12,0
62183,2016,2584,35,2,1,1,10,1
62184,2016,2585,58,1,2,1,14,5
62185,2016,2586,22,2,1,1,9,1
62186,2016,2587,57,1,1,1,14,2
62187,2016,2588,28,2,2,1,9,2
62188,2016,2589,33,2,1,1,14,4
62189,2016,2590,37,2,2,1,14,2
62190,2016,2591,36,2,2,1,14,0
62191,2016,2592,35,1,2,1,14,2
62192,2016,2593,41,1,1,1,12,1
62193,2016,2594,57,1,1,2,12,4
62194,2016,2595,54,2,2,1,12,0
62195,2016,2596,52,1,1,1,13,5
62196,2016,2597,27,2,1,1,12,5
62197,2016,2598,83,2,1,1,16,0
62198,2016,2599,37,1,1,1,16,0
62199,2016,2600,59,2,1,1,17,5
62200,2016,2601,30,2,1,1,20,2
62201,2016,2602,60,2,3,1,12,0
62202,2016,2603,23,1,1,1,12,2
62203,2016,2604,59,2,1,1,14,1
62204,2016,2605,61,2,1,1,13,0
62205,2016,2606,61,1,1,1,12,5
62206,2016,2607,58,1,1,1,16,5
62207,2016,2608,44,2,1,1,12,1
62208,2016,2609,58,1,1,1,14,0
62209,2016,2610,47,2,1,1,11,0
62210,2016,2611,84,1,1,1,17,0
62211,2016,2612,72,1,1,1,19,5
62212,2016,2613,70,2,99,1,20,5
62213,2016,2614,23,1,2,1,13,2
62214,2016,2615,65,1,1,1,16,2
62215,2016,2616,29,1,1,1,12,1
62216,2016,2617,64,1,1,1,12,0
62217,2016,2618,61,2,1,1,12,2
62218,2016,2619,52,2,1,1,14,0
62219,2016,2620,29,2,1,1,10,2
62220,2016,2621,54,2,1,1,14,3
62221,2016,2622,62,2,1,1,16,5
62222,2016,2623,29,1,1,3,12,1
62223,2016,2624,37,1,1,1,12,2
62224,2016,2625,29,1,1,1,16,0
62225,2016,2626,30,2,1,1,14,1
62226,2016,2627,57,2,1,1,14,0
62227,2016,2628,30,1,1,1,18,1
62228,2016,2629,75,2,15,1,9,4
62229,2016,2630,45,2,1,1,18,1
62230,2016,2631,54,2,16,3,20,4
62231,2016,2632,36,1,6,1,16,0
62232,2016,2633,62,1,2,1,17,4
62233,2016,2634,27,1,1,1,16,1
62234,2016,2635,57,2,1,1,12,0
62235,2016,2636,22,1,16,2,12,3
62236,2016,2637,27,2,1,1,14,0
62237,2016,2638,46,1,1,1,14,5
62238,2016,2639,37,2,1,1,12,2
62239,2016,2640,33,1,1,1,14,0
62240,2016,2641,71,2,1,1,12,0
62241,2016,2642,29,2,1,1,16,0
62242,2016,2643,29,2,2,1,12,0
62243,2016,2644,52,2,1,1,9,2
62244,2016,2645,53,2,1,1,12,0
62245,2016,2646,41,2,1,1,11,1
62246,2016,2647,57,2,1,1,12,0
62247,2016,2648,31,2,1,1,14,1
62248,2016,2649,60,1,1,1,12,1
62249,2016,2650,73,1,1,1,12,3
62250,2016,2651,23,2,1,1,12,0
62251,2016,2652,36,2,1,1,12,1
62252,2016,2653,82,2,1,1,12,1
62253,2016,2654,54,1,1,50,14,0
62254,2016,2655,61,2,1,1,18,3
62255,2016,2656,58,1,1,1,13,1
62256,2016,2657,63,1,16,2,12,0
62257,2016,2658,83,2,1,1,10,4
62258,2016,2659,80,2,1,1,14,0
62259,2016,2660,41,2,1,1,16,0
62260,2016,2661,79,1,1,1,12,0
62261,2016,2662,46,2,3,1,10,0
62262,2016,2663,77,1,1,1,12,0
62263,2016,2664,66,2,1,1,12,1
62264,2016,2665,77,2,1,1,12,3
62265,2016,2666,57,2,3,30,13,3
62266,2016,2667,26,2,1,1,17,0
62267,2016,2668,48,2,3,1,10,5
62268,2016,2669,51,2,3,1,20,4
62269,2016,2670,42,1,1,1,12,5
62270,2016,2671,22,2,1,1,14,0
62271,2016,2672,49,1,1,1,20,5
62272,2016,2673,29,2,3,1,11,0
62273,2016,2674,70,2,3,1,11,5
62274,2016,2675,42,2,3,1,19,1
62275,2016,2676,54,2,3,1,8,0
62276,2016,2677,25,1,1,1,12,4
62277,2016,2678,53,2,1,1,12,0
62278,2016,2679,24,1,1,1,16,2
62279,2016,2680,82,2,1,1,8,4
62280,2016,2681,52,2,1,1,12,5
62281,2016,2682,24,1,1,1,12,0
62282,2016,2683,60,1,1,1,10,4
62283,2016,2684,22,2,1,1,12,0
62284,2016,2685,34,2,1,1,13,3
62285,2016,2686,54,2,1,1,14,0
62286,2016,2687,31,1,1,1,12,2
62287,2016,2688,42,2,1,1,13,0
62288,2016,2689,55,1,1,1,10,0
62289,2016,2690,78,1,1,1,10,1
62290,2016,2691,59,2,1,1,12,3
62291,2016,2692,56,1,3,1,9,0
62292,2016,2693,57,1,1,1,12,2
62293,2016,2694,55,2,1,1,16,2
62294,2016,2695,63,1,1,2,20,0
62295,2016,2696,37,1,1,1,16,4
62296,2016,2697,71,1,1,1,18,2
62297,2016,2698,54,2,1,1,20,0
62298,2016,2699,78,2,1,1,18,2
62299,2016,2700,40,1,1,1,16,3
62300,2016,2701,51,2,1,1,10,0
62301,2016,2702,22,1,1,1,16,1
62302,2016,2703,83,2,1,1,10,2
62303,2016,2704,69,2,1,1,14,2
62304,2016,2705,46,1,1,1,7,2
62305,2016,2706,34,2,1,1,16,5
62306,2016,2707,36,2,3,2,13,0
62307,2016,2708,25,2,1,1,17,2
62308,2016,2709,43,1,1,1,16,2
62309,2016,2710,36,2,6,2,15,0
62310,2016,2711,61,2,1,1,16,3
62311,2016,2712,53,2,1,1,12,2
62312,2016,2713,72,2,1,1,12,0
62313,2016,2714,31,1,2,1,13,1
62314,2016,2715,31,1,1,1,17,5
62315,2016,2716,21,2,1,1,12,0
62316,2016,2717,34,2,1,1,20,2
62317,2016,2718,32,2,1,1,18,1
62318,2016,2719,63,1,1,1,10,0
62319,2016,2720,39,2,1,1,18,2
62320,2016,2721,49,2,1,1,20,1
62321,2016,2722,34,1,1,1,10,1
62322,2016,2723,73,2,1,1,12,0
62323,2016,2724,57,2,1,1,16,1
62324,2016,2725,83,1,1,1,12,9
62325,2016,2726,77,1,1,1,12,5
62326,2016,2727,69,1,1,1,11,0
62327,2016,2728,29,1,1,1,18,1
62328,2016,2729,63,2,1,1,13,2
62329,2016,2730,38,2,1,1,15,1
62330,2016,2731,53,1,1,1,16,2
62331,2016,2732,61,2,1,1,12,0
62332,2016,2733,43,2,1,1,9,3
62333,2016,2734,48,1,1,1,12,2
62334,2016,2735,54,2,1,1,14,0
62335,2016,2736,32,2,1,1,15,1
62336,2016,2737,56,1,1,1,12,5
62337,2016,2738,69,1,1,1,12,4
62338,2016,2739,39,1,1,1,15,0
62339,2016,2740,43,2,1,1,18,4
62340,2016,2741,53,2,1,1,15,0
62341,2016,2742,54,2,1,1,12,4
62342,2016,2743,79,2,1,1,12,5
62343,2016,2744,71,2,1,1,13,1
62344,2016,2745,61,2,1,1,15,0
62345,2016,2746,23,1,1,1,10,1
62346,2016,2747,55,1,1,1,12,0
62347,2016,2748,60,2,1,1,10,5
62348,2016,2749,72,1,1,1,12,5
62349,2016,2750,60,2,1,1,9,5
62350,2016,2751,44,2,1,1,12,0
62351,2016,2752,62,1,1,1,9,2
62352,2016,2753,50,1,1,1,12,3
62353,2016,2754,35,2,1,1,15,0
62354,2016,2755,38,2,1,1,12,0
62355,2016,2756,61,1,1,1,12,5
62356,2016,2757,26,1,1,1,13,3
62357,2016,2758,61,2,1,1,12,0
62358,2016,2759,33,2,1,1,8,2
62359,2016,2760,46,2,1,1,8,0
62360,2016,2761,87,2,2,1,15,3
62361,2016,2762,46,1,1,1,8,0
62362,2016,2763,50,1,1,1,11,0
62363,2016,2764,39,1,1,1,12,5
62364,2016,2765,24,2,1,1,12,3
62365,2016,2766,64,1,1,1,14,0
62366,2016,2767,42,2,1,1,9,5
62367,2016,2768,43,2,1,1,11,1
62368,2016,2769,38,1,1,1,12,1
62369,2016,2770,24,2,2,1,12,0
62370,2016,2771,32,2,1,2,12,0
62371,2016,2772,25,2,16,4,12,1
62372,2016,2773,20,1,1,6,9,0
62373,2016,2774,40,2,2,1,12,1
62374,2016,2775,59,2,1,7,12,3
62375,2016,2776,50,1,1,1,14,0
62376,2016,2777,52,2,2,1,19,3
62377,2016,2778,67,2,2,1,11,5
62378,2016,2779,39,2,1,1,13,1
62379,2016,2780,67,1,2,1,12,2
62380,2016,2781,42,1,2,1,11,0
62381,2016,2782,30,1,1,1,12,3
62382,2016,2783,69,2,1,1,12,4
62383,2016,2784,33,2,2,1,12,0
62384,2016,2785,52,2,2,1,11,5
62385,2016,2786,31,2,1,1,12,3
62386,2016,2787,43,2,2,1,10,2
62387,2016,2788,55,2,2,1,11,4
62388,2016,2789,55,2,2,1,11,5
62389,2016,2790,29,1,2,1,12,4
62390,2016,2791,26,2,2,1,12,0
62391,2016,2792,79,2,1,1,12,0
62392,2016,2793,31,2,1,1,12,3
62393,2016,2794,76,1,1,1,14,0
62394,2016,2795,34,2,1,1,10,3
62395,2016,2796,79,1,1,1,16,4
62396,2016,2797,23,2,1,1,12,5
62397,2016,2798,66,1,2,1,10,0
62398,2016,2799,69,1,1,1,14,5
62399,2016,2800,59,2,1,1,12,4
62400,2016,2801,26,1,16,6,6,0
62401,2016,2802,74,2,1,1,12,3
62402,2016,2803,34,2,2,1,99,0
62403,2016,2804,83,2,1,1,12,0
62404,2016,2805,54,2,2,1,12,4
62405,2016,2806,38,2,2,1,12,0
62406,2016,2807,61,2,2,1,13,2
62407,2016,2808,56,1,1,1,8,5
62408,2016,2809,58,2,2,1,12,2
62409,2016,2810,40,1,2,1,12,5
62410,2016,2811,53,2,2,1,12,0
62411,2016,2812,63,2,2,1,16,5
62412,2016,2813,62,1,1,1,12,0
62413,2016,2814,66,2,1,1,18,0
62414,2016,2815,82,2,1,1,12,2
62415,2016,2816,42,1,1,1,19,0
62416,2016,2817,53,2,1,1,18,0
62417,2016,2818,46,1,1,1,16,2
62418,2016,2819,55,1,1,1,13,5
62419,2016,2820,57,2,1,1,15,2
62420,2016,2821,51,1,1,1,12,0
62421,2016,2822,78,2,1,1,9,5
62422,2016,2823,81,2,1,1,10,1
62423,2016,2824,18,2,1,1,12,2
62424,2016,2825,71,2,1,1,12,1
62425,2016,2826,64,2,1,1,12,9
62426,2016,2827,19,1,1,1,12,0
62427,2016,2828,55,2,1,1,20,2
62428,2016,2829,85,2,1,1,12,3
62429,2016,2830,62,1,1,1,16,0
62430,2016,2831,65,2,1,1,16,0
62431,2016,2832,35,2,1,1,12,3
62432,2016,2833,27,2,1,1,18,1
62433,2016,2834,88,1,1,1,8,0
62434,2016,2835,78,2,1,1,18,1
62435,2016,2836,44,2,1,1,14,1
62436,2016,2837,60,1,1,1,16,1
62437,2016,2838,47,1,1,1,11,2
62438,2016,2839,30,2,1,1,16,0
62439,2016,2840,52,1,1,1,16,0
62440,2016,2841,72,2,1,1,16,0
62441,2016,2842,66,2,1,1,18,1
62442,2016,2843,38,1,1,1,14,1
62443,2016,2844,74,1,1,1,14,0
62444,2016,2845,24,2,1,1,14,1
62445,2016,2846,49,2,1,1,12,5
62446,2016,2847,68,1,1,1,7,0
62447,2016,2848,58,2,1,1,14,3
62448,2016,2849,62,2,1,1,17,1
62449,2016,2850,34,2,1,1,12,1
62450,2016,2851,56,1,1,1,14,3
62451,2016,2852,40,1,1,1,12,1
62452,2016,2853,63,2,1,1,12,0
62453,2016,2854,40,1,1,1,16,2
62454,2016,2855,68,1,1,1,11,4
62455,2016,2856,21,1,1,1,15,0
62456,2016,2857,35,2,1,1,15,2
62457,2016,2858,41,2,1,1,12,0
62458,2016,2859,56,2,1,1,15,0
62459,2016,2860,57,1,1,1,12,0
62460,2016,2861,68,2,1,1,13,3
62461,2016,2862,75,2,1,1,12,5
62462,2016,2863,57,2,1,1,20,0
62463,2016,2864,77,1,1,1,15,5
62464,2016,2865,87,2,1,1,14,0
62465,2016,2866,55,2,1,1,14,4
62466,2016,2867,72,1,1,1,16,3
